{
    "parentID": "Yb175",
    "parentZ": 70,
    "parentA": 175,
    "daughterID": "Lu175",
    "daughterZ": 71,
    "daughterA": 175,
    "decayMode": "betaMinusDecay",
    "isomer": false,
    "parentDecayLevelEnergy": 0.0,
    "Qvalue": 470.1,
    "dQvalue": 1.3,
    "unitEnergy": "keV",
    "totalNumberLevels": 4,
    "totalNumberGammas": 6,
    "totalNumberGammaCoincidences": 5,
    "checkNumberGammaCoincidences": 5,
    "halfLife": [
        {
            "halfLifeBest": 4.185,
            "dHalfLifeBest": 0.001,
            "unitHalfLifeBest": "d",
            "halfLifeConverted": 361583.99999999994,
            "dHalfLifeConverted": 86.4,
            "unitHalfLifeConverted": "s"
        }
    ],
    "normalizedBranchingRatios": [
        {
            "gammaEnergy": 113.805,
            "unitEnergy": "keV",
            "levelIndexInitial": 1,
            "levelIndexFinal": 0,
            "levelEnergyInitial": 113.806,
            "levelEnergyFinal": 0.0,
            "gammaBR": 0.2849002849002849,
            "dGammaBR": 0.0019380971761924146,
            "conversionElectronBR": 0.7150997150997151,
            "dConversionElectronBR": 0.004864623912242961,
            "totalTransitionBR": 1.0,
            "dTotalTransitionBR": 0.006802721088435375
        },
        {
            "gammaEnergy": 137.658,
            "unitEnergy": "keV",
            "levelIndexInitial": 2,
            "levelIndexFinal": 1,
            "levelEnergyInitial": 251.465,
            "levelEnergyFinal": 113.806,
            "gammaBR": 0.30777007683935603,
            "dGammaBR": 0.020632630849565767,
            "conversionElectronBR": 0.43703350911188554,
            "dConversionElectronBR": 0.029459543836308416,
            "totalTransitionBR": 0.7448035859512416,
            "dTotalTransitionBR": 0.05002573011178624
        },
        {
            "gammaEnergy": 251.474,
            "unitEnergy": "keV",
            "levelIndexInitial": 2,
            "levelIndexFinal": 0,
            "levelEnergyInitial": 251.465,
            "levelEnergyFinal": 0.0,
            "gammaBR": 0.22523955344109298,
            "dGammaBR": 0.032668332178479136,
            "conversionElectronBR": 0.029956860607665368,
            "dConversionElectronBR": 0.004344888179737725,
            "totalTransitionBR": 0.25519641404875837,
            "dTotalTransitionBR": 0.03701322035821686
        },
        {
            "gammaEnergy": 144.863,
            "unitEnergy": "keV",
            "levelIndexInitial": 3,
            "levelIndexFinal": 2,
            "levelEnergyInitial": 396.328,
            "levelEnergyFinal": 251.465,
            "gammaBR": 0.032269688204083866,
            "dGammaBR": 0.00031575037381686755,
            "conversionElectronBR": 0.004324138219347239,
            "dConversionElectronBR": 0.00035747929819849076,
            "totalTransitionBR": 0.036593826423431106,
            "dTotalTransitionBR": 0.000504191324024451
        },
        {
            "gammaEnergy": 282.522,
            "unitEnergy": "keV",
            "levelIndexInitial": 3,
            "levelIndexFinal": 1,
            "levelEnergyInitial": 396.328,
            "levelEnergyFinal": 113.806,
            "gammaBR": 0.2942793483973206,
            "dGammaBR": 0.0018945022429012056,
            "conversionElectronBR": 0.007945542406727655,
            "dConversionElectronBR": 0.0026490080423609195,
            "totalTransitionBR": 0.30222489080404824,
            "dTotalTransitionBR": 0.003286365142412183
        },
        {
            "gammaEnergy": 396.329,
            "unitEnergy": "keV",
            "levelIndexInitial": 3,
            "levelIndexFinal": 0,
            "levelEnergyInitial": 396.328,
            "levelEnergyFinal": 0.0,
            "gammaBR": 0.6315007476337352,
            "dGammaBR": 0.009472511214506027,
            "conversionElectronBR": 0.029680535138785553,
            "dConversionElectronBR": 0.0013391724924093683,
            "totalTransitionBR": 0.6611812827725206,
            "dTotalTransitionBR": 0.00999781614814
        }
    ],
    "decaySingles": [
        {
            "gammaEnergy": 113.805,
            "unitEnergy": "keV",
            "levelIndexInitial": 1,
            "levelIndexFinal": 0,
            "levelEnergyInitial": 113.806,
            "levelEnergyFinal": 0.0,
            "absoluteGammaIntensity": 3.8661,
            "dAbsoluteGammaIntensity": 0.026300000000000004,
            "internalConversionCoefficient": 2.51,
            "dInternalConversionCoefficient": 0.0,
            "absoluteElectronIntensity": 9.703911,
            "dAbsoluteElectronIntensity": 0.06601300000000002,
            "totalConvertedIntensity": 13.570011,
            "dTotalConvertedIntensity": 0.09231300000000002,
            "unitIntensity": "percent",
            "levelIsomer": true,
            "levelHalfLifeBest": 99.0,
            "dLevelHalfLifeBest": 9.0,
            "unitLevelHalfLifeBest": "ps",
            "levelHalfLifeConverted": 9.9e-11,
            "dLevelHalfLifeConverted": 9e-12,
            "unitLevelHalfLifeConverted": "s"
        },
        {
            "gammaEnergy": 137.658,
            "unitEnergy": "keV",
            "levelIndexInitial": 2,
            "levelIndexFinal": 1,
            "levelEnergyInitial": 251.465,
            "levelEnergyFinal": 113.806,
            "absoluteGammaIntensity": 0.235385,
            "dAbsoluteGammaIntensity": 0.01578,
            "internalConversionCoefficient": 1.42,
            "dInternalConversionCoefficient": 0.01,
            "absoluteElectronIntensity": 0.3342467,
            "dAbsoluteElectronIntensity": 0.02253089318208446,
            "totalConvertedIntensity": 0.5696317,
            "dTotalConvertedIntensity": 0.038260075843919855,
            "unitIntensity": "percent",
            "levelIsomer": false,
            "levelHalfLifeBest": null,
            "dLevelHalfLifeBest": null,
            "unitLevelHalfLifeBest": null,
            "levelHalfLifeConverted": null,
            "dLevelHalfLifeConverted": null,
            "unitLevelHalfLifeConverted": null
        },
        {
            "gammaEnergy": 251.474,
            "unitEnergy": "keV",
            "levelIndexInitial": 2,
            "levelIndexFinal": 0,
            "levelEnergyInitial": 251.465,
            "levelEnergyFinal": 0.0,
            "absoluteGammaIntensity": 0.172265,
            "dAbsoluteGammaIntensity": 0.024985,
            "internalConversionCoefficient": 0.133,
            "dInternalConversionCoefficient": 0.0,
            "absoluteElectronIntensity": 0.022911245,
            "dAbsoluteElectronIntensity": 0.003323005,
            "totalConvertedIntensity": 0.195176245,
            "dTotalConvertedIntensity": 0.028308004999999997,
            "unitIntensity": "percent",
            "levelIsomer": false,
            "levelHalfLifeBest": null,
            "dLevelHalfLifeBest": null,
            "unitLevelHalfLifeBest": null,
            "levelHalfLifeConverted": null,
            "dLevelHalfLifeConverted": null,
            "unitLevelHalfLifeConverted": null
        },
        {
            "gammaEnergy": 144.863,
            "unitEnergy": "keV",
            "levelIndexInitial": 3,
            "levelIndexFinal": 2,
            "levelEnergyInitial": 396.328,
            "levelEnergyFinal": 251.465,
            "absoluteGammaIntensity": 0.671965,
            "dAbsoluteGammaIntensity": 0.006575000000000001,
            "internalConversionCoefficient": 0.134,
            "dInternalConversionCoefficient": 0.011,
            "absoluteElectronIntensity": 0.09004331000000002,
            "dAbsoluteElectronIntensity": 0.007443938568441104,
            "totalConvertedIntensity": 0.76200831,
            "dTotalConvertedIntensity": 0.010498983470352023,
            "unitIntensity": "percent",
            "levelIsomer": true,
            "levelHalfLifeBest": 3.31,
            "dLevelHalfLifeBest": 0.1,
            "unitLevelHalfLifeBest": "ns",