{
    "parentID": "Sc44",
    "parentZ": 21,
    "parentA": 44,
    "daughterID": "Ca44",
    "daughterZ": 20,
    "daughterA": 44,
    "decayMode": "electronCaptureBetaPlusDecay",
    "isomer": false,
    "parentDecayLevelEnergy": 0.0,
    "Qvalue": 3652.7,
    "dQvalue": 1.8,
    "unitEnergy": "keV",
    "totalNumberLevels": 5,
    "totalNumberGammas": 6,
    "totalNumberGammaCoincidences": 3,
    "checkNumberGammaCoincidences": 3,
    "halfLife": [
        {
            "halfLifeBest": 4.042,
            "dHalfLifeBest": 0.0025,
            "unitHalfLifeBest": "h",
            "halfLifeConverted": 14551.199999999999,
            "dHalfLifeConverted": 9.0,
            "unitHalfLifeConverted": "s"
        }
    ],
    "normalizedBranchingRatios": [
        {
            "gammaEnergy": 1157.022,
            "unitEnergy": "keV",
            "levelIndexInitial": 1,
            "levelIndexFinal": 0,
            "levelEnergyInitial": 1157.045,
            "levelEnergyFinal": 0.0,
            "gammaBR": 0.9999308047883086,
            "dGammaBR": 0.002999792414364926,
            "conversionElectronBR": 6.919521169135095e-05,
            "dConversionElectronBR": 1.0212509046525697e-06,
            "totalTransitionBR": 1.0,
            "dTotalTransitionBR": 0.003000000166643598
        },
        {
            "gammaEnergy": 1499.449,
            "unitEnergy": "keV",
            "levelIndexInitial": 2,
            "levelIndexFinal": 1,
            "levelEnergyInitial": 2656.527,
            "levelEnergyFinal": 1157.045,
            "gammaBR": 0.8902714911674934,
            "dGammaBR": 0.014674804799464177,
            "conversionElectronBR": 8.617828034501336e-05,
            "dConversionElectronBR": 1.8897998654439706e-06,
            "totalTransitionBR": 0.8903576694478383,
            "dTotalTransitionBR": 0.01467622537349325
        },
        {
            "gammaEnergy": 2656.48,
            "unitEnergy": "keV",
            "levelIndexInitial": 2,
            "levelIndexFinal": 0,
            "levelEnergyInitial": 2656.527,
            "levelEnergyFinal": 0.0,
            "gammaBR": 0.10957187583599921,
            "dGammaBR": 0.0029349609598928357,
            "conversionElectronBR": 7.045471616254749e-05,
            "dConversionElectronBR": 2.129303557116613e-06,
            "totalTransitionBR": 0.10964233055216176,
            "dTotalTransitionBR": 0.002936848305356259
        },
        {
            "gammaEnergy": 2144.33,
            "unitEnergy": "keV",
            "levelIndexInitial": 3,
            "levelIndexFinal": 1,
            "levelEnergyInitial": 3301.47,
            "levelEnergyFinal": 1157.045,
            "gammaBR": 0.7253072195551609,
            "dGammaBR": 0.1372202847807061,
            "conversionElectronBR": 0.0,
            "dConversionElectronBR": 0.0,
            "totalTransitionBR": 0.7253072195551609,
            "dTotalTransitionBR": 0.1372202847807061
        },
        {
            "gammaEnergy": 3301.35,
            "unitEnergy": "keV",
            "levelIndexInitial": 3,
            "levelIndexFinal": 0,
            "levelEnergyInitial": 3301.47,
            "levelEnergyFinal": 0.0,
            "gammaBR": 0.2744405695614122,
            "dGammaBR": 0.07841159130326063,
            "conversionElectronBR": 0.00025221088342693783,
            "dConversionElectronBR": 7.214851804363215e-05,
            "totalTransitionBR": 0.27469278044483914,
            "dTotalTransitionBR": 0.0784836516367596
        },
        {
            "gammaEnergy": 2150.84,
            "unitEnergy": "keV",
            "levelIndexInitial": 4,
            "levelIndexFinal": 1,
            "levelEnergyInitial": 3307.941,
            "levelEnergyFinal": 1157.045,
            "gammaBR": 1.0,
            "dGammaBR": 0.27272727272727276,
            "conversionElectronBR": 0.0,
            "dConversionElectronBR": 0.0,
            "totalTransitionBR": 1.0,
            "dTotalTransitionBR": 0.27272727272727276
        }
    ],
    "decaySingles": [
        {
            "gammaEnergy": 1157.022,
            "unitEnergy": "keV",
            "levelIndexInitial": 1,
            "levelIndexFinal": 0,
            "levelEnergyInitial": 1157.045,
            "levelEnergyFinal": 0.0,
            "absoluteGammaIntensity": 99.9,
            "dAbsoluteGammaIntensity": 0.2997,
            "internalConversionCoefficient": 6.92e-05,
            "dInternalConversionCoefficient": 1e-06,
            "absoluteElectronIntensity": 0.00691308,
            "dAbsoluteElectronIntensity": 0.00010203002536399568,
            "totalConvertedIntensity": 99.90691308000001,
            "dTotalConvertedIntensity": 0.2997207558888475,
            "unitIntensity": "percent",
            "levelIsomer": true,
            "levelHalfLifeBest": 2.94,
            "dLevelHalfLifeBest": 0.12,
            "unitLevelHalfLifeBest": "ps",
            "levelHalfLifeConverted": 2.94e-12,
            "dLevelHalfLifeConverted": 1.2e-13,
            "unitLevelHalfLifeConverted": "s"
        },
        {
            "gammaEnergy": 1499.449,
            "unitEnergy": "keV",
            "levelIndexInitial": 2,
            "levelIndexFinal": 1,
            "levelEnergyInitial": 2656.527,
            "levelEnergyFinal": 1157.045,
            "absoluteGammaIntensity": 0.90909,
            "dAbsoluteGammaIntensity": 0.014985,
            "internalConversionCoefficient": 9.68e-05,
            "dInternalConversionCoefficient": 1.4e-06,
            "absoluteElectronIntensity": 8.7999912e-05,
            "dAbsoluteElectronIntensity": 1.929746348974393e-06,
            "totalConvertedIntensity": 0.9091779999119999,
            "dTotalConvertedIntensity": 0.0149864506020432,
            "unitIntensity": "percent",
            "levelIsomer": true,
            "levelHalfLifeBest": 30.0,
            "dLevelHalfLifeBest": 3.0,
            "unitLevelHalfLifeBest": "fs",
            "levelHalfLifeConverted": 3.0000000000000005e-14,
            "dLevelHalfLifeConverted": 3.0000000000000002e-15,
            "unitLevelHalfLifeConverted": "s"
        },
        {
            "gammaEnergy": 2656.48,
            "unitEnergy": "keV",
            "levelIndexInitial": 2,
            "levelIndexFinal": 0,
            "levelEnergyInitial": 2656.527,
            "levelEnergyFinal": 0.0,
            "absoluteGammaIntensity": 0.11188800000000002,
            "dAbsoluteGammaIntensity": 0.002997,
            "internalConversionCoefficient": 0.000643,
            "dInternalConversionCoefficient": 9e-06,
            "absoluteElectronIntensity": 7.194398400000001e-05,
            "dAbsoluteElectronIntensity": 2.174312656244497e-06,
            "totalConvertedIntensity": 0.11195994398400001,
            "dTotalConvertedIntensity": 0.002998927240065942,
            "unitIntensity": "percent",
            "levelIsomer": true,
            "levelHalfLifeBest": 30.0,
            "dLevelHalfLifeBest": 3.0,
            "unitLevelHalfLifeBest": "fs",
            "levelHalfLifeConverted": 3.0000000000000005e-14,
            "dLevelHalfLifeConverted": 3.0000000000000002e-15,
            "unitLevelHalfLifeConverted": "s"
        },
        {
            "gammaEnergy": 2144.33,
            "unitEnergy": "keV",
            "levelIndexInitial": 3,
            "levelIndexFinal": 1,
            "levelEnergyInitial": 3301.47,
            "levelEnergyFinal": 1157.045,
            "absoluteGammaIntensity": 0.0036963,
            "dAbsoluteGammaIntensity": 0.0006993,
            "internalConversionCoefficient": 0.0,
            "dInternalConversionCoefficient": 0.0,
            "absoluteElectronIntensity": 0.0,
            "dAbsoluteElectronIntensity": 0,
            "totalConvertedIntensity": 0.0036963,
            "dTotalConvertedIntensity": 0.0006993,
            "unitIntensity": "percent",
            "levelIsomer": true,
            "levelHalfLifeBest": 35.0,
            "dLevelHalfLifeBest": 18.0,
            "unitLevelHalfLifeBest": "fs",