{
    "parentID": "Bi207",
    "parentZ": 83,
    "parentA": 207,
    "daughterID": "Pb207",
    "daughterZ": 82,
    "daughterA": 207,
    "decayMode": "electronCaptureBetaPlusDecay",
    "isomer": false,
    "parentDecayLevelEnergy": 0.0,
    "Qvalue": 2397.5,
    "dQvalue": 2.1,
    "unitEnergy": "keV",
    "totalNumberLevels": 5,
    "totalNumberGammas": 6,
    "totalNumberGammaCoincidences": 6,
    "checkNumberGammaCoincidences": 6,
    "halfLife": [
        {
            "halfLifeBest": 31.55,
            "dHalfLifeBest": 0.04,
            "unitHalfLifeBest": "y",
            "halfLifeConverted": 994960800.0,
            "dHalfLifeConverted": 1261440.0,
            "unitHalfLifeConverted": "s"
        }
    ],
    "normalizedBranchingRatios": [
        {
            "gammaEnergy": 569.698,
            "unitEnergy": "keV",
            "levelIndexInitial": 1,
            "levelIndexFinal": 0,
            "levelEnergyInitial": 569.6988,
            "levelEnergyFinal": 0.0,
            "gammaBR": 0.9787608887148869,
            "dGammaBR": 0.0003003869735186353,
            "conversionElectronBR": 0.021239111285113046,
            "dConversionElectronBR": 0.000293700610245718,
            "totalTransitionBR": 1.0,
            "dTotalTransitionBR": 0.0004247451772626769
        },
        {
            "gammaEnergy": 328.1,
            "unitEnergy": "keV",
            "levelIndexInitial": 2,
            "levelIndexFinal": 1,
            "levelEnergyInitial": 897.79,
            "levelEnergyFinal": 569.6988,
            "gammaBR": 0.005231122357771467,
            "dGammaBR": 0.0004548802050236059,
            "conversionElectronBR": 0.0017471948674956702,
            "dConversionElectronBR": 0.0001519299884778844,
            "totalTransitionBR": 0.006978317225267138,
            "dTotalTransitionBR": 0.0006068101935014903
        },
        {
            "gammaEnergy": 897.77,
            "unitEnergy": "keV",
            "levelIndexInitial": 2,
            "levelIndexFinal": 0,
            "levelEnergyInitial": 897.79,
            "levelEnergyFinal": 0.0,
            "gammaBR": 0.9704111040503592,
            "dGammaBR": 0.03790668375196716,
            "conversionElectronBR": 0.02261057872437337,
            "dConversionElectronBR": 0.0009647586881610067,
            "totalTransitionBR": 0.9930216827747328,
            "dTotalTransitionBR": 0.03879185158461984
        },
        {
            "gammaEnergy": 1063.656,
            "unitEnergy": "keV",
            "levelIndexInitial": 3,
            "levelIndexFinal": 1,
            "levelEnergyInitial": 1633.358,
            "levelEnergyFinal": 569.6988,
            "gammaBR": 0.8865248226950354,
            "dGammaBR": 0.003569898614879337,
            "conversionElectronBR": 0.11347517730496454,
            "dConversionElectronBR": 0.0035754189630908964,
            "totalTransitionBR": 1.0,
            "dTotalTransitionBR": 0.005365659881971634
        },
        {
            "gammaEnergy": 1442.2,
            "unitEnergy": "keV",
            "levelIndexInitial": 4,
            "levelIndexFinal": 2,
            "levelEnergyInitial": 2339.935,
            "levelEnergyFinal": 897.79,
            "gammaBR": 0.018635461784118398,
            "dGammaBR": 0.0002845108669331053,
            "conversionElectronBR": 6.2801506212479e-05,
            "dConversionElectronBR": 1.336974808769104e-06,
            "totalTransitionBR": 0.018698263290330877,
            "dTotalTransitionBR": 0.00028547118920444994
        },
        {
            "gammaEnergy": 1770.228,
            "unitEnergy": "keV",
            "levelIndexInitial": 4,
            "levelIndexFinal": 1,
            "levelEnergyInitial": 2339.935,
            "levelEnergyFinal": 569.6988,
            "gammaBR": 0.9772948279152167,
            "dGammaBR": 0.00426766300399658,
            "conversionElectronBR": 0.004006908794452389,
            "dConversionElectronBR": 0.00029371010521945536,
            "totalTransitionBR": 0.981301736709669,
            "dTotalTransitionBR": 0.00429517861226023
        }
    ],
    "decaySingles": [
        {
            "gammaEnergy": 569.698,
            "unitEnergy": "keV",
            "levelIndexInitial": 1,
            "levelIndexFinal": 0,
            "levelEnergyInitial": 569.6988,
            "levelEnergyFinal": 0.0,
            "absoluteGammaIntensity": 97.75,
            "dAbsoluteGammaIntensity": 0.03,
            "internalConversionCoefficient": 0.0217,
            "dInternalConversionCoefficient": 0.0003,
            "absoluteElectronIntensity": 2.121175,
            "dAbsoluteElectronIntensity": 0.029332225043456898,
            "totalConvertedIntensity": 99.87117500000001,
            "dTotalConvertedIntensity": 0.04241979992880683,
            "unitIntensity": "percent",
            "levelIsomer": true,
            "levelHalfLifeBest": 130.5,
            "dLevelHalfLifeBest": 0.8,
            "unitLevelHalfLifeBest": "ps",
            "levelHalfLifeConverted": 1.305e-10,
            "dLevelHalfLifeConverted": 8e-13,
            "unitLevelHalfLifeConverted": "s"
        },
        {
            "gammaEnergy": 328.1,
            "unitEnergy": "keV",
            "levelIndexInitial": 2,
            "levelIndexFinal": 1,
            "levelEnergyInitial": 897.79,
            "levelEnergyFinal": 569.6988,
            "absoluteGammaIntensity": 0.00069,
            "dAbsoluteGammaIntensity": 6e-05,
            "internalConversionCoefficient": 0.334,
            "dInternalConversionCoefficient": 0.0,
            "absoluteElectronIntensity": 0.00023046,
            "dAbsoluteElectronIntensity": 2.0040000000000005e-05,
            "totalConvertedIntensity": 0.00092046,
            "dTotalConvertedIntensity": 8.004000000000001e-05,
            "unitIntensity": "percent",
            "levelIsomer": false,
            "levelHalfLifeBest": null,
            "dLevelHalfLifeBest": null,
            "unitLevelHalfLifeBest": null,
            "levelHalfLifeConverted": null,
            "dLevelHalfLifeConverted": null,
            "unitLevelHalfLifeConverted": null
        },
        {
            "gammaEnergy": 897.77,
            "unitEnergy": "keV",
            "levelIndexInitial": 2,
            "levelIndexFinal": 0,
            "levelEnergyInitial": 897.79,
            "levelEnergyFinal": 0.0,
            "absoluteGammaIntensity": 0.128,
            "dAbsoluteGammaIntensity": 0.005,
            "internalConversionCoefficient": 0.0233,
            "dInternalConversionCoefficient": 0.0004,
            "absoluteElectronIntensity": 0.0029824,
            "dAbsoluteElectronIntensity": 0.00012725443017828496,
            "totalConvertedIntensity": 0.13098240000000003,
            "dTotalConvertedIntensity": 0.00511675616870689,
            "unitIntensity": "percent",
            "levelIsomer": false,
            "levelHalfLifeBest": null,
            "dLevelHalfLifeBest": null,
            "unitLevelHalfLifeBest": null,
            "levelHalfLifeConverted": null,
            "dLevelHalfLifeConverted": null,
            "unitLevelHalfLifeConverted": null
        },
        {
            "gammaEnergy": 1063.656,
            "unitEnergy": "keV",
            "levelIndexInitial": 3,
            "levelIndexFinal": 1,
            "levelEnergyInitial": 1633.358,
            "levelEnergyFinal": 569.6988,
            "absoluteGammaIntensity": 74.5,
            "dAbsoluteGammaIntensity": 0.3,
            "internalConversionCoefficient": 0.128,
            "dInternalConversionCoefficient": 0.004,
            "absoluteElectronIntensity": 9.536,
            "dAbsoluteElectronIntensity": 0.3004639079823066,
            "totalConvertedIntensity": 84.036,
            "dTotalConvertedIntensity": 0.4509085938413682,
            "unitIntensity": "percent",
            "levelIsomer": true,
            "levelHalfLifeBest": 0.806,
            "dLevelHalfLifeBest": 0.005,
            "unitLevelHalfLifeBest": "s",