{
    "parentID": "Au198",
    "parentZ": 79,
    "parentA": 198,
    "daughterID": "Hg198",
    "daughterZ": 80,
    "daughterA": 198,
    "decayMode": "betaMinusDecay",
    "isomer": false,
    "parentDecayLevelEnergy": 0.0,
    "Qvalue": 1372.9,
    "dQvalue": 0.5,
    "unitEnergy": "keV",
    "totalNumberLevels": 3,
    "totalNumberGammas": 3,
    "totalNumberGammaCoincidences": 1,
    "checkNumberGammaCoincidences": 1,
    "halfLife": [
        {
            "halfLifeBest": 2.6941,
            "dHalfLifeBest": 0.0002,
            "unitHalfLifeBest": "d",
            "halfLifeConverted": 232770.24000000002,
            "dHalfLifeConverted": 17.28,
            "unitHalfLifeConverted": "s"
        }
    ],
    "normalizedBranchingRatios": [
        {
            "gammaEnergy": 411.80205,
            "unitEnergy": "keV",
            "levelIndexInitial": 1,
            "levelIndexFinal": 0,
            "levelEnergyInitial": 411.8025,
            "levelEnergyFinal": 0.0,
            "gammaBR": 0.9579461634256154,
            "dGammaBR": 0.0,
            "conversionElectronBR": 0.04205383657438452,
            "dConversionElectronBR": 0.0005747676980553693,
            "totalTransitionBR": 1.0,
            "dTotalTransitionBR": 0.0005747676980553692
        },
        {
            "gammaEnergy": 675.8836,
            "unitEnergy": "keV",
            "levelIndexInitial": 2,
            "levelIndexFinal": 1,
            "levelEnergyInitial": 1087.6874,
            "levelEnergyFinal": 411.8025,
            "gammaBR": 0.8162613658190828,
            "dGammaBR": 0.004847157754270089,
            "conversionElectronBR": 0.021794178467369515,
            "dConversionElectronBR": 0.0016376445816709757,
            "totalTransitionBR": 0.8380555442864523,
            "dTotalTransitionBR": 0.005237503964256088
        },
        {
            "gammaEnergy": 1087.6842,
            "unitEnergy": "keV",
            "levelIndexInitial": 2,
            "levelIndexFinal": 0,
            "levelEnergyInitial": 1087.6874,
            "levelEnergyFinal": 0.0,
            "gammaBR": 0.16111952375193772,
            "dGammaBR": 0.0018419199466226336,
            "conversionElectronBR": 0.0008249319616099212,
            "dConversionElectronBR": 1.5971148692711437e-05,
            "totalTransitionBR": 0.16194445571354765,
            "dTotalTransitionBR": 0.0018513954463690618
        }
    ],
    "decaySingles": [
        {
            "gammaEnergy": 411.80205,
            "unitEnergy": "keV",
            "levelIndexInitial": 1,
            "levelIndexFinal": 0,
            "levelEnergyInitial": 411.8025,
            "levelEnergyFinal": 0.0,
            "absoluteGammaIntensity": 95.62,
            "dAbsoluteGammaIntensity": 0.0,
            "internalConversionCoefficient": 0.0439,
            "dInternalConversionCoefficient": 0.0006,
            "absoluteElectronIntensity": 4.197718,
            "dAbsoluteElectronIntensity": 0.05737199999999999,
            "totalConvertedIntensity": 99.81771800000001,
            "dTotalConvertedIntensity": 0.05737199999999999,
            "unitIntensity": "percent",
            "levelIsomer": true,
            "levelHalfLifeBest": 23.15,
            "dLevelHalfLifeBest": 0.28,
            "unitLevelHalfLifeBest": "ps",
            "levelHalfLifeConverted": 2.315e-11,
            "dLevelHalfLifeConverted": 2.8e-13,
            "unitLevelHalfLifeConverted": "s"
        },
        {
            "gammaEnergy": 675.8836,
            "unitEnergy": "keV",
            "levelIndexInitial": 2,
            "levelIndexFinal": 1,
            "levelEnergyInitial": 1087.6874,
            "levelEnergyFinal": 411.8025,
            "absoluteGammaIntensity": 0.8051204000000001,
            "dAbsoluteGammaIntensity": 0.0047810000000000005,
            "internalConversionCoefficient": 0.0267,
            "dInternalConversionCoefficient": 0.002,
            "absoluteElectronIntensity": 0.021496714680000004,
            "dAbsoluteElectronIntensity": 0.0016152927430660767,
            "totalConvertedIntensity": 0.82661711468,
            "dTotalConvertedIntensity": 0.005166018463304397,
            "unitIntensity": "percent",
            "levelIsomer": true,
            "levelHalfLifeBest": 40.4,
            "dLevelHalfLifeBest": 0.5,
            "unitLevelHalfLifeBest": "ps",
            "levelHalfLifeConverted": 4.04e-11,
            "dLevelHalfLifeConverted": 5e-13,
            "unitLevelHalfLifeConverted": "s"
        },
        {
            "gammaEnergy": 1087.6842,
            "unitEnergy": "keV",
            "levelIndexInitial": 2,
            "levelIndexFinal": 0,
            "levelEnergyInitial": 1087.6874,
            "levelEnergyFinal": 0.0,
            "absoluteGammaIntensity": 0.15892044,
            "dAbsoluteGammaIntensity": 0.00181678,
            "internalConversionCoefficient": 0.00512,
            "dInternalConversionCoefficient": 8e-05,
            "absoluteElectronIntensity": 0.0008136726528,
            "dAbsoluteElectronIntensity": 1.5753162114970567e-05,
            "totalConvertedIntensity": 0.1597341126528,
            "dTotalConvertedIntensity": 0.001826126170804481,
            "unitIntensity": "percent",
            "levelIsomer": true,
            "levelHalfLifeBest": 40.4,
            "dLevelHalfLifeBest": 0.5,
            "unitLevelHalfLifeBest": "ps",
            "levelHalfLifeConverted": 4.04e-11,
            "dLevelHalfLifeConverted": 5e-13,
            "unitLevelHalfLifeConverted": "s"
        }
    ],
    "decayCoincidences": [
        {
            "gammaEnergyGate": 675.8836,
            "gammaEnergyCoincidence": 411.80205,
            "unitEnergy": "keV",
            "gammaGateLevelIndexInitial": 2,
            "gammaGateLevelIndexFinal": 1,
            "gammaGateLevelEnergyInitial": 1087.6874,
            "gammaGateLevelEnergyFinal": 411.8025,
            "gammaCoincidenceLevelIndexInitial": 1,
            "gammaCoincidenceLevelIndexFinal": 0,
            "gammaCoincidenceLevelEnergyInitial": 411.8025,
            "gammaCoincidenceLevelEnergyFinal": 0.0,
            "absoluteCoincidenceIntensity": 0.771261998275697,
            "dAbsoluteCoincidenceIntensity": 0.004405998611911038,
            "unitIntensity": "percent",
            "numberParallelCascadePaths": 1,
            "coincidenceCascadeSequences": [
                {
                    "pathNumber": 0,
                    "indexedTransitionSequence": [
                        2,
                        1,
                        0
                    ]
                }
            ],
            "gammaGateLevelIsomer": true,
            "gammaGateLevelHalfLifeBest": 40.4,
            "dGammaGateLevelHalfLifeBest": 0.5,
            "unitGammaGateLevelHalfLifeBest": "ps",
            "gammaGateLevelHalfLifeConverted": 4.04e-11,
            "dGammaGateLevelHalfLifeConverted": 5e-13,
            "unitGammaGateLevelHalfLifeConverted": "s"
        }
    ],
    "decayIndex": 0,
    "datasetID": "GG"
}