{
    "parentID": "Co60",
    "parentZ": 27,
    "parentA": 60,
    "daughterID": "Ni60",
    "daughterZ": 28,
    "daughterA": 60,
    "decayMode": "betaMinusDecay",
    "isomer": false,
    "parentDecayLevelEnergy": 0.0,
    "Qvalue": 2822.8,
    "dQvalue": 0.2,
    "unitEnergy": "keV",
    "totalNumberLevels": 4,
    "totalNumberGammas": 6,
    "totalNumberGammaCoincidences": 5,
    "checkNumberGammaCoincidences": 5,
    "halfLife": [
        {
            "halfLifeBest": 1925.28,
            "dHalfLifeBest": 0.14,
            "unitHalfLifeBest": "d",
            "halfLifeConverted": 166344192.0,
            "dHalfLifeConverted": 12096.000000000002,
            "unitHalfLifeConverted": "s"
        }
    ],
    "normalizedBranchingRatios": [
        {
            "gammaEnergy": 1332.492,
            "unitEnergy": "keV",
            "levelIndexInitial": 1,
            "levelIndexFinal": 0,
            "levelEnergyInitial": 1332.508,
            "levelEnergyFinal": 0.0,
            "gammaBR": 0.9998375264019597,
            "dGammaBR": 6.000069170447415e-06,
            "conversionElectronBR": 0.00016247359804031844,
            "dConversionElectronBR": 2.299626517420454e-06,
            "totalTransitionBR": 1.0,
            "dTotalTransitionBR": 6.426570814948136e-06
        },
        {
            "gammaEnergy": 826.1,
            "unitEnergy": "keV",
            "levelIndexInitial": 2,
            "levelIndexFinal": 1,
            "levelEnergyInitial": 2158.612,
            "levelEnergyFinal": 1332.508,
            "gammaBR": 0.8633334120935744,
            "dGammaBR": 0.09087720127300784,
            "conversionElectronBR": 0.0002909433598755346,
            "dConversionElectronBR": 3.4342685541736284e-05,
            "totalTransitionBR": 0.86362435545345,
            "dTotalTransitionBR": 0.09090782821805934
        },
        {
            "gammaEnergy": 2158.57,
            "unitEnergy": "keV",
            "levelIndexInitial": 2,
            "levelIndexFinal": 0,
            "levelEnergyInitial": 2158.612,
            "levelEnergyFinal": 0.0,
            "gammaBR": 0.13631580190951173,
            "dGammaBR": 0.022719300318251957,
            "conversionElectronBR": 5.9842637038275653e-05,
            "dConversionElectronBR": 1.0019314475194915e-05,
            "totalTransitionBR": 0.13637564454655002,
            "dTotalTransitionBR": 0.0227292741111213
        },
        {
            "gammaEnergy": 347.14,
            "unitEnergy": "keV",
            "levelIndexInitial": 3,
            "levelIndexFinal": 2,
            "levelEnergyInitial": 2505.748,
            "levelEnergyFinal": 2158.612,
            "gammaBR": 7.509406436808086e-05,
            "dGammaBR": 4.005016766297646e-06,
            "conversionElectronBR": 4.1827393853021043e-07,
            "dConversionElectronBR": 2.3102698903717793e-08,
            "totalTransitionBR": 7.551233830661108e-05,
            "dTotalTransitionBR": 4.027329190369871e-06
        },
        {
            "gammaEnergy": 1173.228,
            "unitEnergy": "keV",
            "levelIndexInitial": 3,
            "levelIndexFinal": 1,
            "levelEnergyInitial": 2505.748,
            "levelEnergyFinal": 1332.508,
            "gammaBR": 0.9997523102870499,
            "dGammaBR": 0.00030037625747232345,
            "conversionElectronBR": 0.00017215734783143,
            "dConversionElectronBR": 2.499915941804115e-06,
            "totalTransitionBR": 0.9999244676348813,
            "dTotalTransitionBR": 0.00030043837875909986
        },
        {
            "gammaEnergy": 2505.692,
            "unitEnergy": "keV",
            "levelIndexInitial": 3,
            "levelIndexFinal": 0,
            "levelEnergyInitial": 2505.748,
            "levelEnergyFinal": 0.0,
            "gammaBR": 2.002508383148823e-08,
            "dGammaBR": 4.0050167662976465e-09,
            "conversionElectronBR": 1.7281647346574343e-12,
            "dConversionElectronBR": 3.4646728523669267e-13,
            "totalTransitionBR": 2.002681199622289e-08,
            "dTotalTransitionBR": 4.005362399316663e-09
        }
    ],
    "decaySingles": [
        {
            "gammaEnergy": 1332.492,
            "unitEnergy": "keV",
            "levelIndexInitial": 1,
            "levelIndexFinal": 0,
            "levelEnergyInitial": 1332.508,
            "levelEnergyFinal": 0.0,
            "absoluteGammaIntensity": 99.9826,
            "dAbsoluteGammaIntensity": 0.0006,
            "internalConversionCoefficient": 0.0001625,
            "dInternalConversionCoefficient": 2.3e-06,
            "absoluteElectronIntensity": 0.0162471725,
            "dAbsoluteElectronIntensity": 0.00022996000066935642,
            "totalConvertedIntensity": 99.9988471725,
            "dTotalConvertedIntensity": 0.0006426496727672475,
            "unitIntensity": "percent",
            "levelIsomer": true,
            "levelHalfLifeBest": 0.9,
            "dLevelHalfLifeBest": 0.3,
            "unitLevelHalfLifeBest": "ps",
            "levelHalfLifeConverted": 9e-13,
            "dLevelHalfLifeConverted": 3e-13,
            "unitLevelHalfLifeConverted": "s"
        },
        {
            "gammaEnergy": 826.1,
            "unitEnergy": "keV",
            "levelIndexInitial": 2,
            "levelIndexFinal": 1,
            "levelEnergyInitial": 2158.612,
            "levelEnergyFinal": 1332.508,
            "absoluteGammaIntensity": 0.0076,
            "dAbsoluteGammaIntensity": 0.0008,
            "internalConversionCoefficient": 0.000337,
            "dInternalConversionCoefficient": 1.8e-05,
            "absoluteElectronIntensity": 2.5612e-06,
            "dAbsoluteElectronIntensity": 3.023216829802322e-07,
            "totalConvertedIntensity": 0.0076025612,
            "dTotalConvertedIntensity": 0.0008002696116924596,
            "unitIntensity": "percent",
            "levelIsomer": false,
            "levelHalfLifeBest": null,
            "dLevelHalfLifeBest": null,
            "unitLevelHalfLifeBest": null,
            "levelHalfLifeConverted": null,
            "dLevelHalfLifeConverted": null,
            "unitLevelHalfLifeConverted": null
        },
        {
            "gammaEnergy": 2158.57,
            "unitEnergy": "keV",
            "levelIndexInitial": 2,
            "levelIndexFinal": 0,
            "levelEnergyInitial": 2158.612,
            "levelEnergyFinal": 0.0,
            "absoluteGammaIntensity": 0.0012,
            "dAbsoluteGammaIntensity": 0.0002,
            "internalConversionCoefficient": 0.000439,
            "dInternalConversionCoefficient": 7e-06,
            "absoluteElectronIntensity": 5.268e-07,
            "dAbsoluteElectronIntensity": 8.820090702481467e-08,
            "totalConvertedIntensity": 0.0012005268,
            "dTotalConvertedIntensity": 0.0002000878001763226,
            "unitIntensity": "percent",
            "levelIsomer": false,
            "levelHalfLifeBest": null,
            "dLevelHalfLifeBest": null,
            "unitLevelHalfLifeBest": null,
            "levelHalfLifeConverted": null,
            "dLevelHalfLifeConverted": null,
            "unitLevelHalfLifeConverted": null
        },
        {
            "gammaEnergy": 347.14,
            "unitEnergy": "keV",
            "levelIndexInitial": 3,
            "levelIndexFinal": 2,
            "levelEnergyInitial": 2505.748,
            "levelEnergyFinal": 2158.612,
            "absoluteGammaIntensity": 0.0075,
            "dAbsoluteGammaIntensity": 0.0004,
            "internalConversionCoefficient": 0.00557,
            "dInternalConversionCoefficient": 8e-05,
            "absoluteElectronIntensity": 4.1775e-05,
            "dAbsoluteElectronIntensity": 2.3073759988350408e-06,
            "totalConvertedIntensity": 0.0075417750000000006,
            "dTotalConvertedIntensity": 0.000402228447507135,
            "unitIntensity": "percent",
            "levelIsomer": true,
            "levelHalfLifeBest": 3.3,