{
    "parentID": "Kr85",
    "parentZ": 36,
    "parentA": 85,
    "daughterID": "Rb85",
    "daughterZ": 37,
    "daughterA": 85,
    "decayMode": "betaMinusDecay",
    "isomer": true,
    "parentDecayLevelEnergy": 304.86,
    "Qvalue": 687.0,
    "dQvalue": 2.0,
    "unitEnergy": "keV",
    "totalNumberLevels": 4,
    "totalNumberGammas": 6,
    "totalNumberGammaCoincidences": 5,
    "checkNumberGammaCoincidences": 5,
    "halfLife": [
        {
            "halfLifeBest": 4.48,
            "dHalfLifeBest": 0.008,
            "unitHalfLifeBest": "h",
            "halfLifeConverted": 16128.000000000002,
            "dHalfLifeConverted": 28.8,
            "unitHalfLifeConverted": "s"
        }
    ],
    "normalizedBranchingRatios": [
        {
            "gammaEnergy": 151.195,
            "unitEnergy": "keV",
            "levelIndexInitial": 1,
            "levelIndexFinal": 0,
            "levelEnergyInitial": 151.195,
            "levelEnergyFinal": 0.0,
            "gammaBR": 0.9541074324968991,
            "dGammaBR": 0.010495181757465891,
            "conversionElectronBR": 0.04589256750310085,
            "dConversionElectronBR": 0.0008371969567793956,
            "totalTransitionBR": 1.0,
            "dTotalTransitionBR": 0.011020256679698776
        },
        {
            "gammaEnergy": 129.81,
            "unitEnergy": "keV",
            "levelIndexInitial": 2,
            "levelIndexFinal": 1,
            "levelEnergyInitial": 281.003,
            "levelEnergyFinal": 151.195,
            "gammaBR": 0.9314831283954016,
            "dGammaBR": 0.02328707820988504,
            "conversionElectronBR": 0.0661353021160735,
            "dConversionElectronBR": 0.0016533825529018375,
            "totalTransitionBR": 0.9976184305114751,
            "dTotalTransitionBR": 0.024940460762786876
        },
        {
            "gammaEnergy": 281.01,
            "unitEnergy": "keV",
            "levelIndexInitial": 2,
            "levelIndexFinal": 0,
            "levelEnergyInitial": 281.003,
            "levelEnergyFinal": 0.0,
            "gammaBR": 0.002328707820988504,
            "dGammaBR": 0.002328707820988504,
            "conversionElectronBR": 5.286166753643904e-05,
            "dConversionElectronBR": 5.286166753643904e-05,
            "totalTransitionBR": 0.0023815694885249428,
            "dTotalTransitionBR": 0.0023815694885249428
        },
        {
            "gammaEnergy": 451.0,
            "unitEnergy": "keV",
            "levelIndexInitial": 3,
            "levelIndexFinal": 2,
            "levelEnergyInitial": 731.88,
            "levelEnergyFinal": 281.003,
            "gammaBR": 0.5769230769230769,
            "dGammaBR": 0.19230769230769232,
            "conversionElectronBR": 0.0,
            "dConversionElectronBR": 0.0,
            "totalTransitionBR": 0.5769230769230769,
            "dTotalTransitionBR": 0.19230769230769232
        },
        {
            "gammaEnergy": 580.6,
            "unitEnergy": "keV",
            "levelIndexInitial": 3,
            "levelIndexFinal": 1,
            "levelEnergyInitial": 731.88,
            "levelEnergyFinal": 151.195,
            "gammaBR": 0.03846153846153846,
            "dGammaBR": 0.03846153846153846,
            "conversionElectronBR": 0.0,
            "dConversionElectronBR": 0.0,
            "totalTransitionBR": 0.03846153846153846,
            "dTotalTransitionBR": 0.03846153846153846
        },
        {
            "gammaEnergy": 731.6,
            "unitEnergy": "keV",
            "levelIndexInitial": 3,
            "levelIndexFinal": 0,
            "levelEnergyInitial": 731.88,
            "levelEnergyFinal": 0.0,
            "gammaBR": 0.3846153846153846,
            "dGammaBR": 0.15384615384615385,
            "conversionElectronBR": 0.0,
            "dConversionElectronBR": 0.0,
            "totalTransitionBR": 0.3846153846153846,
            "dTotalTransitionBR": 0.15384615384615385
        }
    ],
    "decaySingles": [
        {
            "gammaEnergy": 151.195,
            "unitEnergy": "keV",
            "levelIndexInitial": 1,
            "levelIndexFinal": 0,
            "levelEnergyInitial": 151.195,
            "levelEnergyFinal": 0.0,
            "absoluteGammaIntensity": 75.1752,
            "dAbsoluteGammaIntensity": 0.8269272000000001,
            "internalConversionCoefficient": 0.0481,
            "dInternalConversionCoefficient": 0.0007,
            "absoluteElectronIntensity": 3.61592712,
            "dAbsoluteElectronIntensity": 0.0659636918460825,
            "totalConvertedIntensity": 78.79112712000001,
            "dTotalConvertedIntensity": 0.8682984449451755,
            "unitIntensity": "percent",
            "levelIsomer": true,
            "levelHalfLifeBest": 0.79,
            "dLevelHalfLifeBest": 0.08,
            "unitLevelHalfLifeBest": "ns",
            "levelHalfLifeConverted": 7.900000000000001e-10,
            "dLevelHalfLifeConverted": 8.000000000000001e-11,
            "unitLevelHalfLifeConverted": "s"
        },
        {
            "gammaEnergy": 129.81,
            "unitEnergy": "keV",
            "levelIndexInitial": 2,
            "levelIndexFinal": 1,
            "levelEnergyInitial": 281.003,
            "levelEnergyFinal": 151.195,
            "absoluteGammaIntensity": 0.3007008,
            "dAbsoluteGammaIntensity": 0.00751752,
            "internalConversionCoefficient": 0.071,
            "dInternalConversionCoefficient": 0.0,
            "absoluteElectronIntensity": 0.021349756799999998,
            "dAbsoluteElectronIntensity": 0.0005337439199999999,
            "totalConvertedIntensity": 0.3220505568,
            "dTotalConvertedIntensity": 0.008051263920000001,
            "unitIntensity": "percent",
            "levelIsomer": false,
            "levelHalfLifeBest": null,
            "dLevelHalfLifeBest": null,
            "unitLevelHalfLifeBest": null,
            "levelHalfLifeConverted": null,
            "dLevelHalfLifeConverted": null,
            "unitLevelHalfLifeConverted": null
        },
        {
            "gammaEnergy": 281.01,
            "unitEnergy": "keV",
            "levelIndexInitial": 2,
            "levelIndexFinal": 0,
            "levelEnergyInitial": 281.003,
            "levelEnergyFinal": 0.0,
            "absoluteGammaIntensity": 0.000751752,
            "dAbsoluteGammaIntensity": 0.000751752,
            "internalConversionCoefficient": 0.0227,
            "dInternalConversionCoefficient": 0.0,
            "absoluteElectronIntensity": 1.70647704e-05,
            "dAbsoluteElectronIntensity": 1.70647704e-05,
            "totalConvertedIntensity": 0.0007688167703999999,
            "dTotalConvertedIntensity": 0.0007688167703999999,
            "unitIntensity": "percent",
            "levelIsomer": false,
            "levelHalfLifeBest": null,
            "dLevelHalfLifeBest": null,
            "unitLevelHalfLifeBest": null,
            "levelHalfLifeConverted": null,
            "dLevelHalfLifeConverted": null,
            "unitLevelHalfLifeConverted": null
        },
        {
            "gammaEnergy": 451.0,
            "unitEnergy": "keV",
            "levelIndexInitial": 3,
            "levelIndexFinal": 2,
            "levelEnergyInitial": 731.88,
            "levelEnergyFinal": 281.003,
            "absoluteGammaIntensity": 0.01127628,
            "dAbsoluteGammaIntensity": 0.00375876,
            "internalConversionCoefficient": 0.0,
            "dInternalConversionCoefficient": 0.0,
            "absoluteElectronIntensity": 0.0,
            "dAbsoluteElectronIntensity": 0,
            "totalConvertedIntensity": 0.01127628,
            "dTotalConvertedIntensity": 0.00375876,
            "unitIntensity": "percent",
            "levelIsomer": false,
            "levelHalfLifeBest": null,
            "dLevelHalfLifeBest": null,
            "unitLevelHalfLifeBest": null,
            "levelHalfLifeConverted": null,
            "dLevelHalfLifeConverted": null,