{
    "parentID": "Y88",
    "parentZ": 39,
    "parentA": 88,
    "daughterID": "Sr88",
    "daughterZ": 38,
    "daughterA": 88,
    "decayMode": "electronCaptureBetaPlusDecay",
    "isomer": false,
    "parentDecayLevelEnergy": 0.0,
    "Qvalue": 3622.6,
    "dQvalue": 1.5,
    "unitEnergy": "keV",
    "totalNumberLevels": 5,
    "totalNumberGammas": 6,
    "totalNumberGammaCoincidences": 5,
    "checkNumberGammaCoincidences": 5,
    "halfLife": [
        {
            "halfLifeBest": 106.627,
            "dHalfLifeBest": 0.021,
            "unitHalfLifeBest": "d",
            "halfLifeConverted": 9212572.799999999,
            "dHalfLifeConverted": 1814.4,
            "unitHalfLifeConverted": "s"
        }
    ],
    "normalizedBranchingRatios": [
        {
            "gammaEnergy": 1836.063,
            "unitEnergy": "keV",
            "levelIndexInitial": 1,
            "levelIndexFinal": 0,
            "levelEnergyInitial": 1836.083,
            "levelEnergyFinal": 0.0,
            "gammaBR": 0.9996071543883253,
            "dGammaBR": 0.002998821463164976,
            "conversionElectronBR": 0.00039284561167461185,
            "dConversionElectronBR": 6.112337502401492e-06,
            "totalTransitionBR": 1.0,
            "dTotalTransitionBR": 0.003000005995280788
        },
        {
            "gammaEnergy": 898.042,
            "unitEnergy": "keV",
            "levelIndexInitial": 2,
            "levelIndexFinal": 1,
            "levelEnergyInitial": 2734.13,
            "levelEnergyFinal": 1836.083,
            "gammaBR": 0.9921241018510701,
            "dGammaBR": 0.003152936764357214,
            "conversionElectronBR": 0.0003045820992682785,
            "dConversionElectronBR": 5.054175116768108e-06,
            "totalTransitionBR": 0.9924286839503385,
            "dTotalTransitionBR": 0.0031539086170986044
        },
        {
            "gammaEnergy": 2734.0,
            "unitEnergy": "keV",
            "levelIndexInitial": 2,
            "levelIndexFinal": 0,
            "levelEnergyInitial": 2734.13,
            "levelEnergyFinal": 0.0,
            "gammaBR": 0.007567048234457314,
            "dGammaBR": 0.0007356852450166834,
            "conversionElectronBR": 4.267815204233926e-06,
            "dConversionElectronBR": 4.193192534543974e-07,
            "totalTransitionBR": 0.007571316049661547,
            "dTotalTransitionBR": 0.0007361001739841088
        },
        {
            "gammaEnergy": 1382.2,
            "unitEnergy": "keV",
            "levelIndexInitial": 3,
            "levelIndexFinal": 1,
            "levelEnergyInitial": 3218.6,
            "levelEnergyFinal": 1836.083,
            "gammaBR": 0.746973819645398,
            "dGammaBR": 0.21342109132725656,
            "conversionElectronBR": 0.0002427664913847543,
            "dConversionElectronBR": 6.946233606796396e-05,
            "totalTransitionBR": 0.7472165861367827,
            "dTotalTransitionBR": 0.21349045321460738
        },
        {
            "gammaEnergy": 3219.7,
            "unitEnergy": "keV",
            "levelIndexInitial": 3,
            "levelIndexFinal": 0,
            "levelEnergyInitial": 3218.6,
            "levelEnergyFinal": 0.0,
            "gammaBR": 0.25254829140392027,
            "dGammaBR": 0.0711403637757522,
            "conversionElectronBR": 0.00023512245929704976,
            "dConversionElectronBR": 6.631300165286049e-05,
            "totalTransitionBR": 0.25278341386321734,
            "dTotalTransitionBR": 0.07120659553011513
        },
        {
            "gammaEnergy": 850.6,
            "unitEnergy": "keV",
            "levelIndexInitial": 4,
            "levelIndexFinal": 2,
            "levelEnergyInitial": 3584.7,
            "levelEnergyFinal": 2734.13,
            "gammaBR": 0.9991477269888785,
            "dGammaBR": 0.19680182501296092,
            "conversionElectronBR": 0.0008522730111215134,
            "dConversionElectronBR": 0.00016837370909043606,
            "totalTransitionBR": 1.0,
            "dTotalTransitionBR": 0.19696969739796602
        }
    ],
    "decaySingles": [
        {
            "gammaEnergy": 1836.063,
            "unitEnergy": "keV",
            "levelIndexInitial": 1,
            "levelIndexFinal": 0,
            "levelEnergyInitial": 1836.083,
            "levelEnergyFinal": 0.0,
            "absoluteGammaIntensity": 99.24,
            "dAbsoluteGammaIntensity": 0.29772,
            "internalConversionCoefficient": 0.000393,
            "dInternalConversionCoefficient": 6e-06,
            "absoluteElectronIntensity": 0.03900132,
            "dAbsoluteElectronIntensity": 0.0006068267629692032,
            "totalConvertedIntensity": 99.27900132,
            "dTotalConvertedIntensity": 0.2978375991654893,
            "unitIntensity": "percent",
            "levelIsomer": false,
            "levelHalfLifeBest": null,
            "dLevelHalfLifeBest": null,
            "unitLevelHalfLifeBest": null,
            "levelHalfLifeConverted": null,
            "dLevelHalfLifeConverted": null,
            "unitLevelHalfLifeConverted": null
        },
        {
            "gammaEnergy": 898.042,
            "unitEnergy": "keV",
            "levelIndexInitial": 2,
            "levelIndexFinal": 1,
            "levelEnergyInitial": 2734.13,
            "levelEnergyFinal": 1836.083,
            "absoluteGammaIntensity": 93.68256,
            "dAbsoluteGammaIntensity": 0.29772,
            "internalConversionCoefficient": 0.000307,
            "dInternalConversionCoefficient": 5e-06,
            "absoluteElectronIntensity": 0.02876054592,
            "dAbsoluteElectronIntensity": 0.0004772468109016986,
            "totalConvertedIntensity": 93.71132054592,
            "dTotalConvertedIntensity": 0.29781176841141815,
            "unitIntensity": "percent",
            "levelIsomer": false,
            "levelHalfLifeBest": null,
            "dLevelHalfLifeBest": null,
            "unitLevelHalfLifeBest": null,
            "levelHalfLifeConverted": null,
            "dLevelHalfLifeConverted": null,
            "unitLevelHalfLifeConverted": null
        },
        {
            "gammaEnergy": 2734.0,
            "unitEnergy": "keV",
            "levelIndexInitial": 2,
            "levelIndexFinal": 0,
            "levelEnergyInitial": 2734.13,
            "levelEnergyFinal": 0.0,
            "absoluteGammaIntensity": 0.7145279999999999,
            "dAbsoluteGammaIntensity": 0.069468,
            "internalConversionCoefficient": 0.000564,
            "dInternalConversionCoefficient": 8e-06,
            "absoluteElectronIntensity": 0.000402993792,
            "dAbsoluteElectronIntensity": 3.9594745302129183e-05,
            "totalConvertedIntensity": 0.714930993792,
            "dTotalConvertedIntensity": 0.06950718018704923,
            "unitIntensity": "percent",
            "levelIsomer": false,
            "levelHalfLifeBest": null,
            "dLevelHalfLifeBest": null,
            "unitLevelHalfLifeBest": null,
            "levelHalfLifeConverted": null,
            "dLevelHalfLifeConverted": null,
            "unitLevelHalfLifeConverted": null
        },
        {
            "gammaEnergy": 1382.2,
            "unitEnergy": "keV",
            "levelIndexInitial": 3,
            "levelIndexFinal": 1,
            "levelEnergyInitial": 3218.6,
            "levelEnergyFinal": 1836.083,
            "absoluteGammaIntensity": 0.0208404,
            "dAbsoluteGammaIntensity": 0.0059543999999999995,
            "internalConversionCoefficient": 0.000325,
            "dInternalConversionCoefficient": 5e-06,
            "absoluteElectronIntensity": 6.773129999999999e-06,
            "dAbsoluteElectronIntensity": 1.937983407876342e-06,
            "totalConvertedIntensity": 0.020847173129999997,
            "dTotalConvertedIntensity": 0.00595633518091147,
            "unitIntensity": "percent",
            "levelIsomer": false,
            "levelHalfLifeBest": null,