{
    "parentID": "Al26",
    "parentZ": 13,
    "parentA": 26,
    "daughterID": "Mg26",
    "daughterZ": 12,
    "daughterA": 26,
    "decayMode": "electronCaptureBetaPlusDecay",
    "isomer": false,
    "parentDecayLevelEnergy": 0.0,
    "Qvalue": 4004.14,
    "dQvalue": 0.06,
    "unitEnergy": "keV",
    "totalNumberLevels": 3,
    "totalNumberGammas": 3,
    "totalNumberGammaCoincidences": 1,
    "checkNumberGammaCoincidences": 1,
    "halfLife": [
        {
            "halfLifeBest": 717000.0,
            "dHalfLifeBest": 24000.0,
            "unitHalfLifeBest": "y",
            "halfLifeConverted": 22611312000000.0,
            "dHalfLifeConverted": 756864000000.0,
            "unitHalfLifeConverted": "s"
        }
    ],
    "normalizedBranchingRatios": [
        {
            "gammaEnergy": 1808.65,
            "unitEnergy": "keV",
            "levelIndexInitial": 1,
            "levelIndexFinal": 0,
            "levelEnergyInitial": 1808.72,
            "levelEnergyFinal": 0.0,
            "gammaBR": 0.9997720519721504,
            "dGammaBR": 0.0004008709109752006,
            "conversionElectronBR": 0.0002279480278496503,
            "dConversionElectronBR": 9.139856770234574e-08,
            "totalTransitionBR": 1.0,
            "dTotalTransitionBR": 0.00040096230954290296
        },
        {
            "gammaEnergy": 1129.67,
            "unitEnergy": "keV",
            "levelIndexInitial": 2,
            "levelIndexFinal": 1,
            "levelEnergyInitial": 2938.41,
            "levelEnergyFinal": 1808.72,
            "gammaBR": 0.9123375784796206,
            "dGammaBR": 0.07298700627836965,
            "conversionElectronBR": 1.144983660991924e-05,
            "dConversionElectronBR": 9.305914856105534e-07,
            "totalTransitionBR": 0.9123490283162305,
            "dTotalTransitionBR": 0.07298792226548319
        },
        {
            "gammaEnergy": 2938.0,
            "unitEnergy": "keV",
            "levelIndexInitial": 2,
            "levelIndexFinal": 0,
            "levelEnergyInitial": 2938.41,
            "levelEnergyFinal": 0.0,
            "gammaBR": 0.08758440753404358,
            "dGammaBR": 0.014597401255673931,
            "conversionElectronBR": 6.656414972587313e-05,
            "dConversionElectronBR": 1.109402495431219e-05,
            "totalTransitionBR": 0.08765097168376947,
            "dTotalTransitionBR": 0.014608495280628245
        }
    ],
    "decaySingles": [
        {
            "gammaEnergy": 1808.65,
            "unitEnergy": "keV",
            "levelIndexInitial": 1,
            "levelIndexFinal": 0,
            "levelEnergyInitial": 1808.72,
            "levelEnergyFinal": 0.0,
            "absoluteGammaIntensity": 99.76,
            "dAbsoluteGammaIntensity": 0.04,
            "internalConversionCoefficient": 0.000228,
            "dInternalConversionCoefficient": 0.0,
            "absoluteElectronIntensity": 0.022745280000000003,
            "dAbsoluteElectronIntensity": 9.12e-06,
            "totalConvertedIntensity": 99.78274528,
            "dTotalConvertedIntensity": 0.04000912,
            "unitIntensity": "percent",
            "levelIsomer": true,
            "levelHalfLifeBest": 476.0,
            "dLevelHalfLifeBest": 12.0,
            "unitLevelHalfLifeBest": "fs",
            "levelHalfLifeConverted": 4.76e-13,
            "dLevelHalfLifeConverted": 1.2000000000000001e-14,
            "unitLevelHalfLifeConverted": "s"
        },
        {
            "gammaEnergy": 1129.67,
            "unitEnergy": "keV",
            "levelIndexInitial": 2,
            "levelIndexFinal": 1,
            "levelEnergyInitial": 2938.41,
            "levelEnergyFinal": 1808.72,
            "absoluteGammaIntensity": 2.5,
            "dAbsoluteGammaIntensity": 0.2,
            "internalConversionCoefficient": 1.255e-05,
            "dInternalConversionCoefficient": 1.8e-07,
            "absoluteElectronIntensity": 3.1375000000000004e-05,
            "dAbsoluteElectronIntensity": 2.5500196077677526e-06,
            "totalConvertedIntensity": 2.500031375,
            "dTotalConvertedIntensity": 0.20000251000050623,
            "unitIntensity": "percent",
            "levelIsomer": true,
            "levelHalfLifeBest": 141.0,
            "dLevelHalfLifeBest": 8.0,
            "unitLevelHalfLifeBest": "fs",
            "levelHalfLifeConverted": 1.41e-13,
            "dLevelHalfLifeConverted": 8e-15,
            "unitLevelHalfLifeConverted": "s"
        },
        {
            "gammaEnergy": 2938.0,
            "unitEnergy": "keV",
            "levelIndexInitial": 2,
            "levelIndexFinal": 0,
            "levelEnergyInitial": 2938.41,
            "levelEnergyFinal": 0.0,
            "absoluteGammaIntensity": 0.24,
            "dAbsoluteGammaIntensity": 0.04,
            "internalConversionCoefficient": 0.00076,
            "dInternalConversionCoefficient": 0.0,
            "absoluteElectronIntensity": 0.00018240000000000002,
            "dAbsoluteElectronIntensity": 3.0400000000000007e-05,
            "totalConvertedIntensity": 0.24018240000000002,
            "dTotalConvertedIntensity": 0.04003040000000001,
            "unitIntensity": "percent",
            "levelIsomer": true,
            "levelHalfLifeBest": 141.0,
            "dLevelHalfLifeBest": 8.0,
            "unitLevelHalfLifeBest": "fs",
            "levelHalfLifeConverted": 1.41e-13,
            "dLevelHalfLifeConverted": 8e-15,
            "unitLevelHalfLifeConverted": "s"
        }
    ],
    "decayCoincidences": [
        {
            "gammaEnergyGate": 1129.67,
            "gammaEnergyCoincidence": 1808.65,
            "unitEnergy": "keV",
            "gammaGateLevelIndexInitial": 2,
            "gammaGateLevelIndexFinal": 1,
            "gammaGateLevelEnergyInitial": 2938.41,
            "gammaGateLevelEnergyFinal": 1808.72,
            "gammaCoincidenceLevelIndexInitial": 1,
            "gammaCoincidenceLevelIndexFinal": 0,
            "gammaCoincidenceLevelEnergyInitial": 1808.72,
            "gammaCoincidenceLevelEnergyFinal": 0.0,
            "absoluteCoincidenceIntensity": 2.499430129930376,
            "dAbsoluteCoincidenceIntensity": 0.1999569218493813,
            "unitIntensity": "percent",
            "numberParallelCascadePaths": 1,
            "coincidenceCascadeSequences": [
                {
                    "pathNumber": 0,
                    "indexedTransitionSequence": [
                        2,
                        1,
                        0
                    ]
                }
            ],
            "gammaGateLevelIsomer": true,
            "gammaGateLevelHalfLifeBest": 141.0,
            "dGammaGateLevelHalfLifeBest": 8.0,
            "unitGammaGateLevelHalfLifeBest": "fs",
            "gammaGateLevelHalfLifeConverted": 1.41e-13,
            "dGammaGateLevelHalfLifeConverted": 8e-15,
            "unitGammaGateLevelHalfLifeConverted": "s"
        }
    ],
    "decayIndex": 0,
    "datasetID": "GG"
}