{
    "parentID": "Au199",
    "parentZ": 79,
    "parentA": 199,
    "daughterID": "Hg199",
    "daughterZ": 80,
    "daughterA": 199,
    "decayMode": "betaMinusDecay",
    "isomer": false,
    "parentDecayLevelEnergy": 0.0,
    "Qvalue": 452.0,
    "dQvalue": 0.6,
    "unitEnergy": "keV",
    "totalNumberLevels": 3,
    "totalNumberGammas": 3,
    "totalNumberGammaCoincidences": 1,
    "checkNumberGammaCoincidences": 1,
    "halfLife": [
        {
            "halfLifeBest": 3.139,
            "dHalfLifeBest": 0.007,
            "unitHalfLifeBest": "d",
            "halfLifeConverted": 271209.6,
            "dHalfLifeConverted": 604.8000000000001,
            "unitHalfLifeConverted": "s"
        }
    ],
    "normalizedBranchingRatios": [
        {
            "gammaEnergy": 158.37851,
            "unitEnergy": "keV",
            "levelIndexInitial": 1,
            "levelIndexFinal": 0,
            "levelEnergyInitial": 158.37859,
            "levelEnergyFinal": 0.0,
            "gammaBR": 0.522466039707419,
            "dGammaBR": 0.0041797283176593526,
            "conversionElectronBR": 0.477533960292581,
            "dConversionElectronBR": 0.003820271682340648,
            "totalTransitionBR": 1.0,
            "dTotalTransitionBR": 0.008
        },
        {
            "gammaEnergy": 49.82635,
            "unitEnergy": "keV",
            "levelIndexInitial": 2,
            "levelIndexFinal": 1,
            "levelEnergyInitial": 208.20494,
            "levelEnergyFinal": 158.37859,
            "gammaBR": 0.01678799611696072,
            "dGammaBR": 0.00042855040032197173,
            "conversionElectronBR": 0.1964195545684404,
            "dConversionElectronBR": 0.005014039683767069,
            "totalTransitionBR": 0.21320755068540112,
            "dTotalTransitionBR": 0.005442590084089042
        },
        {
            "gammaEnergy": 208.20481,
            "unitEnergy": "keV",
            "levelIndexInitial": 2,
            "levelIndexFinal": 0,
            "levelEnergyInitial": 208.20494,
            "levelEnergyFinal": 0.0,
            "gammaBR": 0.40619124900082537,
            "dGammaBR": 0.0055897878302865875,
            "conversionElectronBR": 0.38060120031377337,
            "dConversionElectronBR": 0.005237631196978532,
            "totalTransitionBR": 0.7867924493145988,
            "dTotalTransitionBR": 0.01082741902726512
        }
    ],
    "decaySingles": [
        {
            "gammaEnergy": 158.37851,
            "unitEnergy": "keV",
            "levelIndexInitial": 1,
            "levelIndexFinal": 0,
            "levelEnergyInitial": 158.37859,
            "levelEnergyFinal": 0.0,
            "absoluteGammaIntensity": 40.0,
            "dAbsoluteGammaIntensity": 0.32000000000000006,
            "internalConversionCoefficient": 0.914,
            "dInternalConversionCoefficient": 0.0,
            "absoluteElectronIntensity": 36.56,
            "dAbsoluteElectronIntensity": 0.2924800000000001,
            "totalConvertedIntensity": 76.56,
            "dTotalConvertedIntensity": 0.6124800000000001,
            "unitIntensity": "percent",
            "levelIsomer": true,
            "levelHalfLifeBest": 2.46,
            "dLevelHalfLifeBest": 0.03,
            "unitLevelHalfLifeBest": "ns",
            "levelHalfLifeConverted": 2.46e-09,
            "dLevelHalfLifeConverted": 3e-11,
            "unitLevelHalfLifeConverted": "s"
        },
        {
            "gammaEnergy": 49.82635,
            "unitEnergy": "keV",
            "levelIndexInitial": 2,
            "levelIndexFinal": 1,
            "levelEnergyInitial": 208.20494,
            "levelEnergyFinal": 158.37859,
            "absoluteGammaIntensity": 0.36040000000000005,
            "dAbsoluteGammaIntensity": 0.0092,
            "internalConversionCoefficient": 11.7,
            "dInternalConversionCoefficient": 0.0,
            "absoluteElectronIntensity": 4.21668,
            "dAbsoluteElectronIntensity": 0.10763999999999999,
            "totalConvertedIntensity": 4.5770800000000005,
            "dTotalConvertedIntensity": 0.11684,
            "unitIntensity": "percent",
            "levelIsomer": true,
            "levelHalfLifeBest": 69.0,
            "dLevelHalfLifeBest": 3.0,
            "unitLevelHalfLifeBest": "ps",
            "levelHalfLifeConverted": 6.9e-11,
            "dLevelHalfLifeConverted": 3e-12,
            "unitLevelHalfLifeConverted": "s"
        },
        {
            "gammaEnergy": 208.20481,
            "unitEnergy": "keV",
            "levelIndexInitial": 2,
            "levelIndexFinal": 0,
            "levelEnergyInitial": 208.20494,
            "levelEnergyFinal": 0.0,
            "absoluteGammaIntensity": 8.72,
            "dAbsoluteGammaIntensity": 0.12,
            "internalConversionCoefficient": 0.937,
            "dInternalConversionCoefficient": 0.0,
            "absoluteElectronIntensity": 8.17064,
            "dAbsoluteElectronIntensity": 0.11244,
            "totalConvertedIntensity": 16.89064,
            "dTotalConvertedIntensity": 0.23244,
            "unitIntensity": "percent",
            "levelIsomer": true,
            "levelHalfLifeBest": 69.0,
            "dLevelHalfLifeBest": 3.0,
            "unitLevelHalfLifeBest": "ps",
            "levelHalfLifeConverted": 6.9e-11,
            "dLevelHalfLifeConverted": 3e-12,
            "unitLevelHalfLifeConverted": "s"
        }
    ],
    "decayCoincidences": [
        {
            "gammaEnergyGate": 49.82635,
            "gammaEnergyCoincidence": 158.37851,
            "unitEnergy": "keV",
            "gammaGateLevelIndexInitial": 2,
            "gammaGateLevelIndexFinal": 1,
            "gammaGateLevelEnergyInitial": 208.20494,
            "gammaGateLevelEnergyFinal": 158.37859,
            "gammaCoincidenceLevelIndexInitial": 1,
            "gammaCoincidenceLevelIndexFinal": 0,
            "gammaCoincidenceLevelEnergyInitial": 158.37859,
            "gammaCoincidenceLevelEnergyFinal": 0.0,
            "absoluteCoincidenceIntensity": 0.18829676071055385,
            "dAbsoluteCoincidenceIntensity": 0.003734081937139241,
            "unitIntensity": "percent",
            "numberParallelCascadePaths": 1,
            "coincidenceCascadeSequences": [
                {
                    "pathNumber": 0,
                    "indexedTransitionSequence": [
                        2,
                        1,
                        0
                    ]
                }
            ],
            "gammaGateLevelIsomer": true,
            "gammaGateLevelHalfLifeBest": 69.0,
            "dGammaGateLevelHalfLifeBest": 3.0,
            "unitGammaGateLevelHalfLifeBest": "ps",
            "gammaGateLevelHalfLifeConverted": 6.9e-11,
            "dGammaGateLevelHalfLifeConverted": 3e-12,
            "unitGammaGateLevelHalfLifeConverted": "s"
        }
    ],
    "decayIndex": 0,
    "datasetID": "GG"
}