{
    "parentID": "Rh105",
    "parentZ": 45,
    "parentA": 105,
    "daughterID": "Pd105",
    "daughterZ": 46,
    "daughterA": 105,
    "decayMode": "betaMinusDecay",
    "isomer": false,
    "parentDecayLevelEnergy": 0.0,
    "Qvalue": 566.7,
    "dQvalue": 2.4,
    "unitEnergy": "keV",
    "totalNumberLevels": 5,
    "totalNumberGammas": 5,
    "totalNumberGammaCoincidences": 1,
    "checkNumberGammaCoincidences": 1,
    "halfLife": [
        {
            "halfLifeBest": 35.341,
            "dHalfLifeBest": 0.019,
            "unitHalfLifeBest": "h",
            "halfLifeConverted": 127227.6,
            "dHalfLifeConverted": 68.39999999999999,
            "unitHalfLifeConverted": "s"
        }
    ],
    "normalizedBranchingRatios": [
        {
            "gammaEnergy": 280.523,
            "unitEnergy": "keV",
            "levelIndexInitial": 1,
            "levelIndexFinal": 0,
            "levelEnergyInitial": 280.522,
            "levelEnergyFinal": 0.0,
            "gammaBR": 0.9767532721234615,
            "dGammaBR": 0.009713568452056523,
            "conversionElectronBR": 0.023246727876538385,
            "dConversionElectronBR": 0.00023118292915894526,
            "totalTransitionBR": 1.0,
            "dTotalTransitionBR": 0.009944751381215469
        },
        {
            "gammaEnergy": 306.311,
            "unitEnergy": "keV",
            "levelIndexInitial": 2,
            "levelIndexFinal": 0,
            "levelEnergyInitial": 306.311,
            "levelEnergyFinal": 0.0,
            "gammaBR": 0.9815469179426777,
            "dGammaBR": 0.010668988238507366,
            "conversionElectronBR": 0.01845308205732234,
            "dConversionElectronBR": 0.00020057697888393848,
            "totalTransitionBR": 1.0,
            "dTotalTransitionBR": 0.010869565217391304
        },
        {
            "gammaEnergy": 38.77,
            "unitEnergy": "keV",
            "levelIndexInitial": 3,
            "levelIndexFinal": 1,
            "levelEnergyInitial": 319.233,
            "levelEnergyFinal": 280.522,
            "gammaBR": 0.0012848332571950664,
            "dGammaBR": 1.9034566773260243e-05,
            "conversionElectronBR": 0.030835998172681595,
            "dConversionElectronBR": 0.02313151008678824,
            "totalTransitionBR": 0.03212083142987666,
            "dTotalTransitionBR": 0.023131893833343305
        },
        {
            "gammaEnergy": 319.231,
            "unitEnergy": "keV",
            "levelIndexInitial": 3,
            "levelIndexFinal": 0,
            "levelEnergyInitial": 319.233,
            "levelEnergyFinal": 0.0,
            "gammaBR": 0.9517283386630121,
            "dGammaBR": 0.009517283386630122,
            "conversionElectronBR": 0.016150829907111315,
            "dConversionElectronBR": 0.00016150829907111316,
            "totalTransitionBR": 0.9678791685701233,
            "dTotalTransitionBR": 0.009678791685701234
        },
        {
            "gammaEnergy": 442.417,
            "unitEnergy": "keV",
            "levelIndexInitial": 4,
            "levelIndexFinal": 0,
            "levelEnergyInitial": 442.418,
            "levelEnergyFinal": 0.0,
            "gammaBR": 0.9924967247608083,
            "dGammaBR": 0.009452349759626747,
            "conversionElectronBR": 0.007503275239191711,
            "dConversionElectronBR": 0.00013048218213938464,
            "totalTransitionBR": 1.0,
            "dTotalTransitionBR": 0.009524435256106464
        }
    ],
    "decaySingles": [
        {
            "gammaEnergy": 280.523,
            "unitEnergy": "keV",
            "levelIndexInitial": 1,
            "levelIndexFinal": 0,
            "levelEnergyInitial": 280.522,
            "levelEnergyFinal": 0.0,
            "absoluteGammaIntensity": 0.15294500000000003,
            "dAbsoluteGammaIntensity": 0.001521,
            "internalConversionCoefficient": 0.0238,
            "dInternalConversionCoefficient": 0.0,
            "absoluteElectronIntensity": 0.0036400910000000007,
            "dAbsoluteElectronIntensity": 3.61998e-05,
            "totalConvertedIntensity": 0.15658509100000004,
            "dTotalConvertedIntensity": 0.0015571998,
            "unitIntensity": "percent",
            "levelIsomer": false,
            "levelHalfLifeBest": null,
            "dLevelHalfLifeBest": null,
            "unitLevelHalfLifeBest": null,
            "levelHalfLifeConverted": null,
            "dLevelHalfLifeConverted": null,
            "unitLevelHalfLifeConverted": null
        },
        {
            "gammaEnergy": 306.311,
            "unitEnergy": "keV",
            "levelIndexInitial": 2,
            "levelIndexFinal": 0,
            "levelEnergyInitial": 306.311,
            "levelEnergyFinal": 0.0,
            "absoluteGammaIntensity": 4.6644000000000005,
            "dAbsoluteGammaIntensity": 0.0507,
            "internalConversionCoefficient": 0.0188,
            "dInternalConversionCoefficient": 0.0,
            "absoluteElectronIntensity": 0.08769072000000001,
            "dAbsoluteElectronIntensity": 0.0009531600000000001,
            "totalConvertedIntensity": 4.75209072,
            "dTotalConvertedIntensity": 0.05165316,
            "unitIntensity": "percent",
            "levelIsomer": false,
            "levelHalfLifeBest": null,
            "dLevelHalfLifeBest": null,
            "unitLevelHalfLifeBest": null,
            "levelHalfLifeConverted": null,
            "dLevelHalfLifeConverted": null,
            "unitLevelHalfLifeConverted": null
        },
        {
            "gammaEnergy": 38.77,
            "unitEnergy": "keV",
            "levelIndexInitial": 3,
            "levelIndexFinal": 1,
            "levelEnergyInitial": 319.233,
            "levelEnergyFinal": 280.522,
            "absoluteGammaIntensity": 0.022815000000000002,
            "dAbsoluteGammaIntensity": 0.00033800000000000003,
            "internalConversionCoefficient": 24.0,
            "dInternalConversionCoefficient": 18.0,
            "absoluteElectronIntensity": 0.54756,
            "dAbsoluteElectronIntensity": 0.4107501107047934,
            "totalConvertedIntensity": 0.5703750000000001,
            "dTotalConvertedIntensity": 0.41075692495684113,
            "unitIntensity": "percent",
            "levelIsomer": true,
            "levelHalfLifeBest": 40.0,
            "dLevelHalfLifeBest": 10.0,
            "unitLevelHalfLifeBest": "ps",
            "levelHalfLifeConverted": 4e-11,
            "dLevelHalfLifeConverted": 1e-11,
            "unitLevelHalfLifeConverted": "s"
        },
        {
            "gammaEnergy": 319.231,
            "unitEnergy": "keV",
            "levelIndexInitial": 3,
            "levelIndexFinal": 0,
            "levelEnergyInitial": 319.233,
            "levelEnergyFinal": 0.0,
            "absoluteGammaIntensity": 16.900000000000002,
            "dAbsoluteGammaIntensity": 0.169,
            "internalConversionCoefficient": 0.01697,
            "dInternalConversionCoefficient": 0.0,
            "absoluteElectronIntensity": 0.286793,
            "dAbsoluteElectronIntensity": 0.0028679300000000003,
            "totalConvertedIntensity": 17.186793,
            "dTotalConvertedIntensity": 0.17186793000000003,
            "unitIntensity": "percent",
            "levelIsomer": true,
            "levelHalfLifeBest": 40.0,
            "dLevelHalfLifeBest": 10.0,
            "unitLevelHalfLifeBest": "ps",
            "levelHalfLifeConverted": 4e-11,
            "dLevelHalfLifeConverted": 1e-11,
            "unitLevelHalfLifeConverted": "s"
        },
        {
            "gammaEnergy": 442.417,
            "unitEnergy": "keV",
            "levelIndexInitial": 4,
            "levelIndexFinal": 0,
            "levelEnergyInitial": 442.418,
            "levelEnergyFinal": 0.0,
            "absoluteGammaIntensity": 0.03549,
            "dAbsoluteGammaIntensity": 0.00033800000000000003,
            "internalConversionCoefficient": 0.00756,