{
    "parentID": "Te121",
    "parentZ": 52,
    "parentA": 121,
    "daughterID": "Sb121",
    "daughterZ": 51,
    "daughterA": 121,
    "decayMode": "electronCaptureBetaPlusDecay",
    "isomer": false,
    "parentDecayLevelEnergy": 0.0,
    "Qvalue": 1054.0,
    "dQvalue": 26.0,
    "unitEnergy": "keV",
    "totalNumberLevels": 4,
    "totalNumberGammas": 5,
    "totalNumberGammaCoincidences": 4,
    "checkNumberGammaCoincidences": 4,
    "halfLife": [
        {
            "halfLifeBest": 19.17,
            "dHalfLifeBest": 0.04,
            "unitHalfLifeBest": "d",
            "halfLifeConverted": 1656288.0000000002,
            "dHalfLifeConverted": 3456.0,
            "unitHalfLifeConverted": "s"
        }
    ],
    "normalizedBranchingRatios": [
        {
            "gammaEnergy": 37.138,
            "unitEnergy": "keV",
            "levelIndexInitial": 1,
            "levelIndexFinal": 0,
            "levelEnergyInitial": 37.133,
            "levelEnergyFinal": 0.0,
            "gammaBR": 0.08424599831508003,
            "dGammaBR": 0.0022616375386598666,
            "conversionElectronBR": 0.9157540016849198,
            "dConversionElectronBR": 0.024584000045232746,
            "totalTransitionBR": 1.0,
            "dTotalTransitionBR": 0.026845637583892617
        },
        {
            "gammaEnergy": 470.472,
            "unitEnergy": "keV",
            "levelIndexInitial": 2,
            "levelIndexFinal": 1,
            "levelEnergyInitial": 507.597,
            "levelEnergyFinal": 37.133,
            "gammaBR": 0.07307197506032613,
            "dGammaBR": 0.0016702165728074544,
            "conversionElectronBR": 0.0006751850495574135,
            "dConversionElectronBR": 1.812206195816288e-05,
            "totalTransitionBR": 0.07374716010988354,
            "dTotalTransitionBR": 0.00168567614020125
        },
        {
            "gammaEnergy": 507.591,
            "unitEnergy": "keV",
            "levelIndexInitial": 2,
            "levelIndexFinal": 0,
            "levelEnergyInitial": 507.597,
            "levelEnergyFinal": 0.0,
            "gammaBR": 0.9186191150441,
            "dGammaBR": 0.02087770716009318,
            "conversionElectronBR": 0.00763372484601647,
            "dConversionElectronBR": 0.00020555213354642559,
            "totalTransitionBR": 0.9262528398901164,
            "dTotalTransitionBR": 0.021051489524717627
        },
        {
            "gammaEnergy": 65.548,
            "unitEnergy": "keV",
            "levelIndexInitial": 3,
            "levelIndexFinal": 2,
            "levelEnergyInitial": 573.142,
            "levelEnergyFinal": 507.597,
            "gammaBR": 0.003179705015910831,
            "dGammaBR": 0.00010828716772451745,
            "conversionElectronBR": 0.007154336285799369,
            "dConversionElectronBR": 0.0007708502801216205,
            "totalTransitionBR": 0.0103340413017102,
            "dTotalTransitionBR": 0.0008116056697556202
        },
        {
            "gammaEnergy": 573.139,
            "unitEnergy": "keV",
            "levelIndexInitial": 3,
            "levelIndexFinal": 0,
            "levelEnergyInitial": 573.142,
            "levelEnergyFinal": 0.0,
            "gammaBR": 0.9844287974956133,
            "dGammaBR": 0.02067300474740788,
            "conversionElectronBR": 0.0052371612026766625,
            "dConversionElectronBR": 0.0001352698248245771,
            "totalTransitionBR": 0.9896659586982899,
            "dTotalTransitionBR": 0.020783134346505666
        }
    ],
    "decaySingles": [
        {
            "gammaEnergy": 37.138,
            "unitEnergy": "keV",
            "levelIndexInitial": 1,
            "levelIndexFinal": 0,
            "levelEnergyInitial": 37.133,
            "levelEnergyFinal": 0.0,
            "absoluteGammaIntensity": 0.119796,
            "dAbsoluteGammaIntensity": 0.003216,
            "internalConversionCoefficient": 10.87,
            "dInternalConversionCoefficient": 0.0,
            "absoluteElectronIntensity": 1.30218252,
            "dAbsoluteElectronIntensity": 0.034957919999999996,
            "totalConvertedIntensity": 1.42197852,
            "dTotalConvertedIntensity": 0.03817392,
            "unitIntensity": "percent",
            "levelIsomer": true,
            "levelHalfLifeBest": 3.46,
            "dLevelHalfLifeBest": 0.03,
            "unitLevelHalfLifeBest": "ns",
            "levelHalfLifeConverted": 3.46e-09,
            "dLevelHalfLifeConverted": 3e-11,
            "unitLevelHalfLifeConverted": "s"
        },
        {
            "gammaEnergy": 470.472,
            "unitEnergy": "keV",
            "levelIndexInitial": 2,
            "levelIndexFinal": 1,
            "levelEnergyInitial": 507.597,
            "levelEnergyFinal": 37.133,
            "absoluteGammaIntensity": 1.407,
            "dAbsoluteGammaIntensity": 0.03216,
            "internalConversionCoefficient": 0.00924,
            "dInternalConversionCoefficient": 0.00013,
            "absoluteElectronIntensity": 0.01300068,
            "dAbsoluteElectronIntensity": 0.00034894008481480026,
            "totalConvertedIntensity": 1.42000068,
            "dTotalConvertedIntensity": 0.032457673784034344,
            "unitIntensity": "percent",
            "levelIsomer": false,
            "levelHalfLifeBest": null,
            "dLevelHalfLifeBest": null,
            "unitLevelHalfLifeBest": null,
            "levelHalfLifeConverted": null,
            "dLevelHalfLifeConverted": null,
            "unitLevelHalfLifeConverted": null
        },
        {
            "gammaEnergy": 507.591,
            "unitEnergy": "keV",
            "levelIndexInitial": 2,
            "levelIndexFinal": 0,
            "levelEnergyInitial": 507.597,
            "levelEnergyFinal": 0.0,
            "absoluteGammaIntensity": 17.688,
            "dAbsoluteGammaIntensity": 0.402,
            "internalConversionCoefficient": 0.00831,
            "dInternalConversionCoefficient": 0.00012,
            "absoluteElectronIntensity": 0.14698728,
            "dAbsoluteElectronIntensity": 0.003957903856588738,
            "totalConvertedIntensity": 17.83498728,
            "dTotalConvertedIntensity": 0.40534617733850414,
            "unitIntensity": "percent",
            "levelIsomer": false,
            "levelHalfLifeBest": null,
            "dLevelHalfLifeBest": null,
            "unitLevelHalfLifeBest": null,
            "levelHalfLifeConverted": null,
            "dLevelHalfLifeConverted": null,
            "unitLevelHalfLifeConverted": null
        },
        {
            "gammaEnergy": 65.548,
            "unitEnergy": "keV",
            "levelIndexInitial": 3,
            "levelIndexFinal": 2,
            "levelEnergyInitial": 573.142,
            "levelEnergyFinal": 507.597,
            "absoluteGammaIntensity": 0.259692,
            "dAbsoluteGammaIntensity": 0.008844,
            "internalConversionCoefficient": 2.25,
            "dInternalConversionCoefficient": 0.23,
            "absoluteElectronIntensity": 0.5843069999999999,
            "dAbsoluteElectronIntensity": 0.06295667363596649,
            "totalConvertedIntensity": 0.8439989999999999,
            "dTotalConvertedIntensity": 0.06628523669193315,
            "unitIntensity": "percent",
            "levelIsomer": false,
            "levelHalfLifeBest": null,
            "dLevelHalfLifeBest": null,
            "unitLevelHalfLifeBest": null,
            "levelHalfLifeConverted": null,
            "dLevelHalfLifeConverted": null,
            "unitLevelHalfLifeConverted": null
        },
        {
            "gammaEnergy": 573.139,
            "unitEnergy": "keV",
            "levelIndexInitial": 3,
            "levelIndexFinal": 0,
            "levelEnergyInitial": 573.142,
            "levelEnergyFinal": 0.0,
            "absoluteGammaIntensity": 80.4,
            "dAbsoluteGammaIntensity": 1.6884,
            "internalConversionCoefficient": 0.00532,