{
    "parentID": "Al24",
    "parentZ": 13,
    "parentA": 24,
    "daughterID": "Mg24",
    "daughterZ": 12,
    "daughterA": 24,
    "decayMode": "electronCaptureBetaPlusDecay",
    "isomer": true,
    "parentDecayLevelEnergy": 425.81,
    "Qvalue": 13884.77,
    "dQvalue": 0.23,
    "unitEnergy": "keV",
    "totalNumberLevels": 6,
    "totalNumberGammas": 7,
    "totalNumberGammaCoincidences": 3,
    "checkNumberGammaCoincidences": 3,
    "halfLife": [
        {
            "halfLifeBest": 130.7,
            "dHalfLifeBest": 1.3,
            "unitHalfLifeBest": "ms",
            "halfLifeConverted": 0.13069999999999998,
            "dHalfLifeConverted": 0.0013000000000000002,
            "unitHalfLifeConverted": "s"
        }
    ],
    "normalizedBranchingRatios": [
        {
            "gammaEnergy": 1368.625,
            "unitEnergy": "keV",
            "levelIndexInitial": 1,
            "levelIndexFinal": 0,
            "levelEnergyInitial": 1368.667,
            "levelEnergyFinal": 0.0,
            "gammaBR": 0.9999438031582625,
            "dGammaBR": 0.18866864210533255,
            "conversionElectronBR": 5.619684173749436e-05,
            "dConversionElectronBR": 1.063331110791608e-05,
            "totalTransitionBR": 1.0,
            "dTotalTransitionBR": 0.18867924528471466
        },
        {
            "gammaEnergy": 2869.3,
            "unitEnergy": "keV",
            "levelIndexInitial": 2,
            "levelIndexFinal": 1,
            "levelEnergyInitial": 4238.06,
            "levelEnergyFinal": 1368.667,
            "gammaBR": 0.24972037560941135,
            "dGammaBR": 0.24972037560941135,
            "conversionElectronBR": 0.0001820461538192609,
            "dConversionElectronBR": 0.0001820461538192609,
            "totalTransitionBR": 0.24990242176323063,
            "dTotalTransitionBR": 0.24990242176323063
        },
        {
            "gammaEnergy": 4237.6,
            "unitEnergy": "keV",
            "levelIndexInitial": 2,
            "levelIndexFinal": 0,
            "levelEnergyInitial": 4238.06,
            "levelEnergyFinal": 0.0,
            "gammaBR": 0.749161126828234,
            "dGammaBR": 0.24972037560941135,
            "conversionElectronBR": 0.0009364514085352925,
            "dConversionElectronBR": 0.0003121504695117643,
            "totalTransitionBR": 0.7500975782367694,
            "dTotalTransitionBR": 0.2500325260789232
        },
        {
            "gammaEnergy": 9825.9,
            "unitEnergy": "keV",
            "levelIndexInitial": 3,
            "levelIndexFinal": 0,
            "levelEnergyInitial": 9828.1,
            "levelEnergyFinal": 0.0,
            "gammaBR": 1.0,
            "dGammaBR": 0.5,
            "conversionElectronBR": 0.0,
            "dConversionElectronBR": 0.0,
            "totalTransitionBR": 1.0,
            "dTotalTransitionBR": 0.5
        },
        {
            "gammaEnergy": 8595.1,
            "unitEnergy": "keV",
            "levelIndexInitial": 4,
            "levelIndexFinal": 1,
            "levelEnergyInitial": 9965.3,
            "levelEnergyFinal": 1368.667,
            "gammaBR": 0.2727272727272727,
            "dGammaBR": 0.045454545454545456,
            "conversionElectronBR": 0.0,
            "dConversionElectronBR": 0.0,
            "totalTransitionBR": 0.2727272727272727,
            "dTotalTransitionBR": 0.045454545454545456
        },
        {
            "gammaEnergy": 9963.0,
            "unitEnergy": "keV",
            "levelIndexInitial": 4,
            "levelIndexFinal": 0,
            "levelEnergyInitial": 9965.3,
            "levelEnergyFinal": 0.0,
            "gammaBR": 0.7272727272727273,
            "dGammaBR": 0.09090909090909091,
            "conversionElectronBR": 0.0,
            "dConversionElectronBR": 0.0,
            "totalTransitionBR": 0.7272727272727273,
            "dTotalTransitionBR": 0.09090909090909091
        },
        {
            "gammaEnergy": 8688.6,
            "unitEnergy": "keV",
            "levelIndexInitial": 5,
            "levelIndexFinal": 1,
            "levelEnergyInitial": 10059.0,
            "levelEnergyFinal": 1368.667,
            "gammaBR": 1.0,
            "dGammaBR": 0.5,
            "conversionElectronBR": 0.0,
            "dConversionElectronBR": 0.0,
            "totalTransitionBR": 1.0,
            "dTotalTransitionBR": 0.5
        }
    ],
    "decaySingles": [
        {
            "gammaEnergy": 1368.625,
            "unitEnergy": "keV",
            "levelIndexInitial": 1,
            "levelIndexFinal": 0,
            "levelEnergyInitial": 1368.667,
            "levelEnergyFinal": 0.0,
            "absoluteGammaIntensity": 4.4001871999999995,
            "dAbsoluteGammaIntensity": 0.830224,
            "internalConversionCoefficient": 5.62e-05,
            "dInternalConversionCoefficient": 8e-07,
            "absoluteElectronIntensity": 0.00024729052063999997,
            "dAbsoluteElectronIntensity": 4.679118894771015e-05,
            "totalConvertedIntensity": 4.400434490520639,
            "dTotalConvertedIntensity": 0.830270658596262,
            "unitIntensity": "percent",
            "levelIsomer": false,
            "levelHalfLifeBest": null,
            "dLevelHalfLifeBest": null,
            "unitLevelHalfLifeBest": null,
            "levelHalfLifeConverted": null,
            "dLevelHalfLifeConverted": null,
            "unitLevelHalfLifeConverted": null
        },
        {
            "gammaEnergy": 2869.3,
            "unitEnergy": "keV",
            "levelIndexInitial": 2,
            "levelIndexFinal": 1,
            "levelEnergyInitial": 4238.06,
            "levelEnergyFinal": 1368.667,
            "absoluteGammaIntensity": 0.0830224,
            "dAbsoluteGammaIntensity": 0.0830224,
            "internalConversionCoefficient": 0.000729,
            "dInternalConversionCoefficient": 0.0,
            "absoluteElectronIntensity": 6.05233296e-05,
            "dAbsoluteElectronIntensity": 6.05233296e-05,
            "totalConvertedIntensity": 0.08308292332959999,
            "dTotalConvertedIntensity": 0.08308292332959999,
            "unitIntensity": "percent",
            "levelIsomer": false,
            "levelHalfLifeBest": null,
            "dLevelHalfLifeBest": null,
            "unitLevelHalfLifeBest": null,
            "levelHalfLifeConverted": null,
            "dLevelHalfLifeConverted": null,
            "unitLevelHalfLifeConverted": null
        },
        {
            "gammaEnergy": 4237.6,
            "unitEnergy": "keV",
            "levelIndexInitial": 2,
            "levelIndexFinal": 0,
            "levelEnergyInitial": 4238.06,
            "levelEnergyFinal": 0.0,
            "absoluteGammaIntensity": 0.2490672,
            "dAbsoluteGammaIntensity": 0.0830224,
            "internalConversionCoefficient": 0.00125,
            "dInternalConversionCoefficient": 0.0,
            "absoluteElectronIntensity": 0.00031133399999999997,
            "dAbsoluteElectronIntensity": 0.00010377799999999998,
            "totalConvertedIntensity": 0.24937853399999999,
            "dTotalConvertedIntensity": 0.083126178,
            "unitIntensity": "percent",
            "levelIsomer": false,
            "levelHalfLifeBest": null,
            "dLevelHalfLifeBest": null,
            "unitLevelHalfLifeBest": null,
            "levelHalfLifeConverted": null,
            "dLevelHalfLifeConverted": null,
            "unitLevelHalfLifeConverted": null
        },
        {
            "gammaEnergy": 9825.9,
            "unitEnergy": "keV",
            "levelIndexInitial": 3,
            "levelIndexFinal": 0,
            "levelEnergyInitial": 9828.1,
            "levelEnergyFinal": 0.0,
            "absoluteGammaIntensity": 0.1660448,
            "dAbsoluteGammaIntensity": 0.0830224,
            "internalConversionCoefficient": 0.0,
            "dInternalConversionCoefficient": 0.0,
            "absoluteElectronIntensity": 0.0,