{
    "parentID": "Lu177",
    "parentZ": 71,
    "parentA": 177,
    "daughterID": "Hf177",
    "daughterZ": 72,
    "daughterA": 177,
    "decayMode": "betaMinusDecay",
    "isomer": false,
    "parentDecayLevelEnergy": 0.0,
    "Qvalue": 496.8,
    "dQvalue": 0.8,
    "unitEnergy": "keV",
    "totalNumberLevels": 4,
    "totalNumberGammas": 6,
    "totalNumberGammaCoincidences": 5,
    "checkNumberGammaCoincidences": 5,
    "halfLife": [
        {
            "halfLifeBest": 6.6443,
            "dHalfLifeBest": 0.0009,
            "unitHalfLifeBest": "d",
            "halfLifeConverted": 574067.52,
            "dHalfLifeConverted": 77.75999999999999,
            "unitHalfLifeConverted": "s"
        }
    ],
    "normalizedBranchingRatios": [
        {
            "gammaEnergy": 112.9498,
            "unitEnergy": "keV",
            "levelIndexInitial": 1,
            "levelIndexFinal": 0,
            "levelEnergyInitial": 112.9498,
            "levelEnergyFinal": 0.0,
            "gammaBR": 0.3095975232198142,
            "dGammaBR": 0.0013460761879122358,
            "conversionElectronBR": 0.6904024767801857,
            "dConversionElectronBR": 0.003001749899044286,
            "totalTransitionBR": 1.0,
            "dTotalTransitionBR": 0.004347826086956522
        },
        {
            "gammaEnergy": 136.7245,
            "unitEnergy": "keV",
            "levelIndexInitial": 2,
            "levelIndexFinal": 1,
            "levelEnergyInitial": 249.6744,
            "levelEnergyFinal": 112.9498,
            "gammaBR": 0.14230688289575216,
            "dGammaBR": 0.0011478932969408643,
            "conversionElectronBR": 0.16080677767219995,
            "dConversionElectronBR": 0.0027450190785964492,
            "totalTransitionBR": 0.3031136605679521,
            "dTotalTransitionBR": 0.0034395781937391475
        },
        {
            "gammaEnergy": 249.6742,
            "unitEnergy": "keV",
            "levelIndexInitial": 2,
            "levelIndexFinal": 0,
            "levelEnergyInitial": 249.6744,
            "levelEnergyFinal": 0.0,
            "gammaBR": 0.6115720398701606,
            "dGammaBR": 0.003188592491502402,
            "conversionElectronBR": 0.08531429956188741,
            "dConversionElectronBR": 0.0004448086525645851,
            "totalTransitionBR": 0.6968863394320479,
            "dTotalTransitionBR": 0.0036334011440669863
        },
        {
            "gammaEnergy": 71.6418,
            "unitEnergy": "keV",
            "levelIndexInitial": 3,
            "levelIndexFinal": 2,
            "levelEnergyInitial": 321.3162,
            "levelEnergyFinal": 249.6744,
            "gammaBR": 0.014112114857609654,
            "dGammaBR": 0.0004465859132154954,
            "conversionElectronBR": 0.012559782223272592,
            "dConversionElectronBR": 0.0009353726760476083,
            "totalTransitionBR": 0.026671897080882245,
            "dTotalTransitionBR": 0.0011955594513071543
        },
        {
            "gammaEnergy": 208.3662,
            "unitEnergy": "keV",
            "levelIndexInitial": 3,
            "levelIndexFinal": 1,
            "levelEnergyInitial": 321.3162,
            "levelEnergyFinal": 112.9498,
            "gammaBR": 0.8931718264309907,
            "dGammaBR": 0.0,
            "conversionElectronBR": 0.06073568419730738,
            "dConversionElectronBR": 0.008038546437878916,
            "totalTransitionBR": 0.9539075106282981,
            "dTotalTransitionBR": 0.008038546437878914
        },
        {
            "gammaEnergy": 321.3159,
            "unitEnergy": "keV",
            "levelIndexInitial": 3,
            "levelIndexFinal": 0,
            "levelEnergyInitial": 321.3162,
            "levelEnergyFinal": 0.0,
            "gammaBR": 0.018756608355050806,
            "dGammaBR": 0.0002679515479292972,
            "conversionElectronBR": 0.0006639839357687985,
            "dConversionElectronBR": 4.0514912021762696e-05,
            "totalTransitionBR": 0.01942059229081961,
            "dTotalTransitionBR": 0.0002802191835012501
        }
    ],
    "decaySingles": [
        {
            "gammaEnergy": 112.9498,
            "unitEnergy": "keV",
            "levelIndexInitial": 1,
            "levelIndexFinal": 0,
            "levelEnergyInitial": 112.9498,
            "levelEnergyFinal": 0.0,
            "absoluteGammaIntensity": 6.22518,
            "dAbsoluteGammaIntensity": 0.027066,
            "internalConversionCoefficient": 2.23,
            "dInternalConversionCoefficient": 0.0,
            "absoluteElectronIntensity": 13.8821514,
            "dAbsoluteElectronIntensity": 0.060357179999999996,
            "totalConvertedIntensity": 20.1073314,
            "dTotalConvertedIntensity": 0.08742318,
            "unitIntensity": "percent",
            "levelIsomer": true,
            "levelHalfLifeBest": 0.541,
            "dLevelHalfLifeBest": 0.014,
            "unitLevelHalfLifeBest": "ns",
            "levelHalfLifeConverted": 5.410000000000001e-10,
            "dLevelHalfLifeConverted": 1.4000000000000002e-11,
            "unitLevelHalfLifeConverted": "s"
        },
        {
            "gammaEnergy": 136.7245,
            "unitEnergy": "keV",
            "levelIndexInitial": 2,
            "levelIndexFinal": 1,
            "levelEnergyInitial": 249.6744,
            "levelEnergyFinal": 112.9498,
            "absoluteGammaIntensity": 0.046459829999999994,
            "dAbsoluteGammaIntensity": 0.00037475999999999997,
            "internalConversionCoefficient": 1.13,
            "dInternalConversionCoefficient": 0.017,
            "absoluteElectronIntensity": 0.05249960789999999,
            "dAbsoluteElectronIntensity": 0.0008961837765203028,
            "totalConvertedIntensity": 0.09895943789999997,
            "dTotalConvertedIntensity": 0.0011229408929566112,
            "unitIntensity": "percent",
            "levelIsomer": true,
            "levelHalfLifeBest": 107.0,
            "dLevelHalfLifeBest": 10.0,
            "unitLevelHalfLifeBest": "ps",
            "levelHalfLifeConverted": 1.0699999999999999e-10,
            "dLevelHalfLifeConverted": 1e-11,
            "unitLevelHalfLifeConverted": "s"
        },
        {
            "gammaEnergy": 249.6742,
            "unitEnergy": "keV",
            "levelIndexInitial": 2,
            "levelIndexFinal": 0,
            "levelEnergyInitial": 249.6744,
            "levelEnergyFinal": 0.0,
            "absoluteGammaIntensity": 0.1996638,
            "dAbsoluteGammaIntensity": 0.001041,
            "internalConversionCoefficient": 0.1395,
            "dInternalConversionCoefficient": 0.0,
            "absoluteElectronIntensity": 0.027853100100000003,
            "dAbsoluteElectronIntensity": 0.00014521950000000004,
            "totalConvertedIntensity": 0.2275169001,
            "dTotalConvertedIntensity": 0.0011862195000000002,
            "unitIntensity": "percent",
            "levelIsomer": true,
            "levelHalfLifeBest": 107.0,
            "dLevelHalfLifeBest": 10.0,
            "unitLevelHalfLifeBest": "ps",
            "levelHalfLifeConverted": 1.0699999999999999e-10,
            "dLevelHalfLifeConverted": 1e-11,
            "unitLevelHalfLifeConverted": "s"
        },
        {
            "gammaEnergy": 71.6418,
            "unitEnergy": "keV",
            "levelIndexInitial": 3,
            "levelIndexFinal": 2,
            "levelEnergyInitial": 321.3162,
            "levelEnergyFinal": 249.6744,
            "absoluteGammaIntensity": 0.164478,
            "dAbsoluteGammaIntensity": 0.005205,
            "internalConversionCoefficient": 0.89,
            "dInternalConversionCoefficient": 0.06,
            "absoluteElectronIntensity": 0.14638542000000002,
            "dAbsoluteElectronIntensity": 0.010901854793790825,
            "totalConvertedIntensity": 0.31086342000000006,
            "dTotalConvertedIntensity": 0.01393435565230413,
            "unitIntensity": "percent",