{
    "parentID": "Ti44",
    "parentZ": 22,
    "parentA": 44,
    "daughterID": "Sc44",
    "daughterZ": 21,
    "daughterA": 44,
    "decayMode": "electronCaptureBetaPlusDecay",
    "isomer": false,
    "parentDecayLevelEnergy": 0.0,
    "Qvalue": 267.4,
    "dQvalue": 1.9,
    "unitEnergy": "keV",
    "totalNumberLevels": 3,
    "totalNumberGammas": 3,
    "totalNumberGammaCoincidences": 1,
    "checkNumberGammaCoincidences": 1,
    "halfLife": [
        {
            "halfLifeBest": 59.1,
            "dHalfLifeBest": 0.3,
            "unitHalfLifeBest": "y",
            "halfLifeConverted": 1863777600.0,
            "dHalfLifeConverted": 9460800.0,
            "unitHalfLifeConverted": "s"
        }
    ],
    "normalizedBranchingRatios": [
        {
            "gammaEnergy": 67.8679,
            "unitEnergy": "keV",
            "levelIndexInitial": 1,
            "levelIndexFinal": 0,
            "levelEnergyInitial": 67.868,
            "levelEnergyFinal": 0.0,
            "gammaBR": 0.9219988936013277,
            "dGammaBR": 0.014391241835608654,
            "conversionElectronBR": 0.07800110639867232,
            "dConversionElectronBR": 0.0016451206586427292,
            "totalTransitionBR": 1.0,
            "dTotalTransitionBR": 0.015647904343594206
        },
        {
            "gammaEnergy": 78.3234,
            "unitEnergy": "keV",
            "levelIndexInitial": 2,
            "levelIndexFinal": 1,
            "levelEnergyInitial": 146.1915,
            "levelEnergyFinal": 67.868,
            "gammaBR": 0.9697500015043247,
            "dGammaBR": 0.010667250016547572,
            "conversionElectronBR": 0.029286450045430606,
            "dConversionElectronBR": 0.000504229754551143,
            "totalTransitionBR": 0.9990364515497553,
            "dTotalTransitionBR": 0.010996244814708664
        },
        {
            "gammaEnergy": 146.22,
            "unitEnergy": "keV",
            "levelIndexInitial": 2,
            "levelIndexFinal": 0,
            "levelEnergyInitial": 146.1915,
            "levelEnergyFinal": 0.0,
            "gammaBR": 0.0009212625014291085,
            "dGammaBR": 2.9092500045129742e-05,
            "conversionElectronBR": 4.2285948815596084e-05,
            "dConversionElectronBR": 1.4452297853038704e-06,
            "totalTransitionBR": 0.0009635484502447046,
            "dTotalTransitionBR": 3.043286612714959e-05
        }
    ],
    "decaySingles": [
        {
            "gammaEnergy": 67.8679,
            "unitEnergy": "keV",
            "levelIndexInitial": 1,
            "levelIndexFinal": 0,
            "levelEnergyInitial": 67.868,
            "levelEnergyFinal": 0.0,
            "absoluteGammaIntensity": 93.02479999999998,
            "dAbsoluteGammaIntensity": 1.452,
            "internalConversionCoefficient": 0.0846,
            "dInternalConversionCoefficient": 0.0012,
            "absoluteElectronIntensity": 7.869898079999998,
            "dAbsoluteElectronIntensity": 0.16598395215892886,
            "totalConvertedIntensity": 100.89469807999998,
            "dTotalConvertedIntensity": 1.5787905843316576,
            "unitIntensity": "percent",
            "levelIsomer": true,
            "levelHalfLifeBest": 154.8,
            "dLevelHalfLifeBest": 0.8,
            "unitLevelHalfLifeBest": "ns",
            "levelHalfLifeConverted": 1.548e-07,
            "dLevelHalfLifeConverted": 8.000000000000001e-10,
            "unitLevelHalfLifeConverted": "s"
        },
        {
            "gammaEnergy": 78.3234,
            "unitEnergy": "keV",
            "levelIndexInitial": 2,
            "levelIndexFinal": 1,
            "levelEnergyInitial": 146.1915,
            "levelEnergyFinal": 67.868,
            "absoluteGammaIntensity": 96.8,
            "dAbsoluteGammaIntensity": 1.0648,
            "internalConversionCoefficient": 0.0302,
            "dInternalConversionCoefficient": 0.0004,
            "absoluteElectronIntensity": 2.92336,
            "dAbsoluteElectronIntensity": 0.05033198263968548,
            "totalConvertedIntensity": 99.72336,
            "dTotalConvertedIntensity": 1.097640109731984,
            "unitIntensity": "percent",
            "levelIsomer": true,
            "levelHalfLifeBest": 51.0,
            "dLevelHalfLifeBest": 0.3,
            "unitLevelHalfLifeBest": "us",
            "levelHalfLifeConverted": 5.1e-05,
            "dLevelHalfLifeConverted": 3e-07,
            "unitLevelHalfLifeConverted": "s"
        },
        {
            "gammaEnergy": 146.22,
            "unitEnergy": "keV",
            "levelIndexInitial": 2,
            "levelIndexFinal": 0,
            "levelEnergyInitial": 146.1915,
            "levelEnergyFinal": 0.0,
            "absoluteGammaIntensity": 0.09196,
            "dAbsoluteGammaIntensity": 0.002904,
            "internalConversionCoefficient": 0.0459,
            "dInternalConversionCoefficient": 0.0006,
            "absoluteElectronIntensity": 0.004220964000000001,
            "dAbsoluteElectronIntensity": 0.0001442621737565326,
            "totalConvertedIntensity": 0.09618096400000001,
            "dTotalConvertedIntensity": 0.0030377947270309367,
            "unitIntensity": "percent",
            "levelIsomer": true,
            "levelHalfLifeBest": 51.0,
            "dLevelHalfLifeBest": 0.3,
            "unitLevelHalfLifeBest": "us",
            "levelHalfLifeConverted": 5.1e-05,
            "dLevelHalfLifeConverted": 3e-07,
            "unitLevelHalfLifeConverted": "s"
        }
    ],
    "decayCoincidences": [
        {
            "gammaEnergyGate": 78.3234,
            "gammaEnergyCoincidence": 67.8679,
            "unitEnergy": "keV",
            "gammaGateLevelIndexInitial": 2,
            "gammaGateLevelIndexFinal": 1,
            "gammaGateLevelEnergyInitial": 146.1915,
            "gammaGateLevelEnergyFinal": 67.868,
            "gammaCoincidenceLevelIndexInitial": 1,
            "gammaCoincidenceLevelIndexFinal": 0,
            "gammaCoincidenceLevelEnergyInitial": 67.868,
            "gammaCoincidenceLevelEnergyFinal": 0.0,
            "absoluteCoincidenceIntensity": 89.24949290060852,
            "dAbsoluteCoincidenceIntensity": 2.068915934062211,
            "unitIntensity": "percent",
            "numberParallelCascadePaths": 1,
            "coincidenceCascadeSequences": [
                {
                    "pathNumber": 0,
                    "indexedTransitionSequence": [
                        2,
                        1,
                        0
                    ]
                }
            ],
            "gammaGateLevelIsomer": true,
            "gammaGateLevelHalfLifeBest": 51.0,
            "dGammaGateLevelHalfLifeBest": 0.3,
            "unitGammaGateLevelHalfLifeBest": "us",
            "gammaGateLevelHalfLifeConverted": 5.1e-05,
            "dGammaGateLevelHalfLifeConverted": 3e-07,
            "unitGammaGateLevelHalfLifeConverted": "s"
        }
    ],
    "decayIndex": 0,
    "datasetID": "GG"
}