{
    "parentID": "Er169",
    "parentZ": 68,
    "parentA": 169,
    "daughterID": "Tm169",
    "daughterZ": 69,
    "daughterA": 169,
    "decayMode": "betaMinusDecay",
    "isomer": false,
    "parentDecayLevelEnergy": 0.0,
    "Qvalue": 351.3,
    "dQvalue": 1.1,
    "unitEnergy": "keV",
    "totalNumberLevels": 3,
    "totalNumberGammas": 3,
    "totalNumberGammaCoincidences": 1,
    "checkNumberGammaCoincidences": 1,
    "halfLife": [
        {
            "halfLifeBest": 9.392,
            "dHalfLifeBest": 0.018,
            "unitHalfLifeBest": "d",
            "halfLifeConverted": 811468.7999999999,
            "dHalfLifeConverted": 1555.1999999999998,
            "unitHalfLifeConverted": "s"
        }
    ],
    "normalizedBranchingRatios": [
        {
            "gammaEnergy": 8.41017,
            "unitEnergy": "keV",
            "levelIndexInitial": 1,
            "levelIndexFinal": 0,
            "levelEnergyInitial": 8.41017,
            "levelEnergyFinal": 0.0,
            "gammaBR": 0.003787878787878788,
            "dGammaBR": 0.00042335115864527626,
            "conversionElectronBR": 0.9962121212121212,
            "dConversionElectronBR": 0.11294068316821022,
            "totalTransitionBR": 1.0,
            "dTotalTransitionBR": 0.11335806157376022
        },
        {
            "gammaEnergy": 109.77924,
            "unitEnergy": "keV",
            "levelIndexInitial": 2,
            "levelIndexFinal": 1,
            "levelEnergyInitial": 118.18945,
            "levelEnergyFinal": 8.41017,
            "gammaBR": 0.273633516316977,
            "dGammaBR": 0.06314619607314854,
            "conversionElectronBR": 0.6485114336712355,
            "dConversionElectronBR": 0.14965648469336204,
            "totalTransitionBR": 0.9221449499882126,
            "dTotalTransitionBR": 0.2128026807665106
        },
        {
            "gammaEnergy": 118.1894,
            "unitEnergy": "keV",
            "levelIndexInitial": 2,
            "levelIndexFinal": 0,
            "levelEnergyInitial": 118.18945,
            "levelEnergyFinal": 0.0,
            "gammaBR": 0.029468224834135984,
            "dGammaBR": 0.006314619607314854,
            "conversionElectronBR": 0.048386825177651284,
            "dConversionElectronBR": 0.01036860539521099,
            "totalTransitionBR": 0.07785505001178726,
            "dTotalTransitionBR": 0.016683225002525844
        }
    ],
    "decaySingles": [
        {
            "gammaEnergy": 8.41017,
            "unitEnergy": "keV",
            "levelIndexInitial": 1,
            "levelIndexFinal": 0,
            "levelEnergyInitial": 8.41017,
            "levelEnergyFinal": 0.0,
            "absoluteGammaIntensity": 0.17,
            "dAbsoluteGammaIntensity": 0.019,
            "internalConversionCoefficient": 263.0,
            "dInternalConversionCoefficient": 5.0,
            "absoluteElectronIntensity": 44.71,
            "dAbsoluteElectronIntensity": 5.068777860589275,
            "totalConvertedIntensity": 44.88,
            "dTotalConvertedIntensity": 5.0875098034303585,
            "unitIntensity": "percent",
            "levelIsomer": true,
            "levelHalfLifeBest": 4.09,
            "dLevelHalfLifeBest": 0.05,
            "unitLevelHalfLifeBest": "ns",
            "levelHalfLifeConverted": 4.09e-09,
            "dLevelHalfLifeConverted": 5.000000000000001e-11,
            "unitLevelHalfLifeConverted": "s"
        },
        {
            "gammaEnergy": 109.77924,
            "unitEnergy": "keV",
            "levelIndexInitial": 2,
            "levelIndexFinal": 1,
            "levelEnergyInitial": 118.18945,
            "levelEnergyFinal": 8.41017,
            "absoluteGammaIntensity": 0.0013,
            "dAbsoluteGammaIntensity": 0.0003,
            "internalConversionCoefficient": 2.37,
            "dInternalConversionCoefficient": 0.0,
            "absoluteElectronIntensity": 0.003081,
            "dAbsoluteElectronIntensity": 0.0007109999999999999,
            "totalConvertedIntensity": 0.004381,
            "dTotalConvertedIntensity": 0.001011,
            "unitIntensity": "percent",
            "levelIsomer": true,
            "levelHalfLifeBest": 62.0,
            "dLevelHalfLifeBest": 3.0,
            "unitLevelHalfLifeBest": "ps",
            "levelHalfLifeConverted": 6.199999999999999e-11,
            "dLevelHalfLifeConverted": 3e-12,
            "unitLevelHalfLifeConverted": "s"
        },
        {
            "gammaEnergy": 118.1894,
            "unitEnergy": "keV",
            "levelIndexInitial": 2,
            "levelIndexFinal": 0,
            "levelEnergyInitial": 118.18945,
            "levelEnergyFinal": 0.0,
            "absoluteGammaIntensity": 0.00014,
            "dAbsoluteGammaIntensity": 3e-05,
            "internalConversionCoefficient": 1.642,
            "dInternalConversionCoefficient": 0.0,
            "absoluteElectronIntensity": 0.00022987999999999996,
            "dAbsoluteElectronIntensity": 4.925999999999999e-05,
            "totalConvertedIntensity": 0.00036987999999999995,
            "dTotalConvertedIntensity": 7.926e-05,
            "unitIntensity": "percent",
            "levelIsomer": true,
            "levelHalfLifeBest": 62.0,
            "dLevelHalfLifeBest": 3.0,
            "unitLevelHalfLifeBest": "ps",
            "levelHalfLifeConverted": 6.199999999999999e-11,
            "dLevelHalfLifeConverted": 3e-12,
            "unitLevelHalfLifeConverted": "s"
        }
    ],
    "decayCoincidences": [
        {
            "gammaEnergyGate": 109.77924,
            "gammaEnergyCoincidence": 8.41017,
            "unitEnergy": "keV",
            "gammaGateLevelIndexInitial": 2,
            "gammaGateLevelIndexFinal": 1,
            "gammaGateLevelEnergyInitial": 118.18945,
            "gammaGateLevelEnergyFinal": 8.41017,
            "gammaCoincidenceLevelIndexInitial": 1,
            "gammaCoincidenceLevelIndexFinal": 0,
            "gammaCoincidenceLevelEnergyInitial": 8.41017,
            "gammaCoincidenceLevelEnergyFinal": 0.0,
            "absoluteCoincidenceIntensity": 4.92424242424242e-06,
            "dAbsoluteCoincidenceIntensity": 1.26262211211789e-06,
            "unitIntensity": "percent",
            "numberParallelCascadePaths": 1,
            "coincidenceCascadeSequences": [
                {
                    "pathNumber": 0,
                    "indexedTransitionSequence": [
                        2,
                        1,
                        0
                    ]
                }
            ],
            "gammaGateLevelIsomer": true,
            "gammaGateLevelHalfLifeBest": 62.0,
            "dGammaGateLevelHalfLifeBest": 3.0,
            "unitGammaGateLevelHalfLifeBest": "ps",
            "gammaGateLevelHalfLifeConverted": 6.199999999999999e-11,
            "dGammaGateLevelHalfLifeConverted": 3e-12,
            "unitGammaGateLevelHalfLifeConverted": "s"
        }
    ],
    "decayIndex": 0,
    "datasetID": "GG"
}