{
    "parentID": "Tc99",
    "parentZ": 43,
    "parentA": 99,
    "daughterID": "Ru99",
    "daughterZ": 44,
    "daughterA": 99,
    "decayMode": "betaMinusDecay",
    "isomer": true,
    "parentDecayLevelEnergy": 142.6836,
    "Qvalue": 297.5,
    "dQvalue": 1.0,
    "unitEnergy": "keV",
    "totalNumberLevels": 3,
    "totalNumberGammas": 3,
    "totalNumberGammaCoincidences": 1,
    "checkNumberGammaCoincidences": 1,
    "halfLife": [
        {
            "halfLifeBest": 6.0072,
            "dHalfLifeBest": 0.0009,
            "unitHalfLifeBest": "h",
            "halfLifeConverted": 21625.920000000002,
            "dHalfLifeConverted": 3.2399999999999998,
            "unitHalfLifeConverted": "s"
        }
    ],
    "normalizedBranchingRatios": [
        {
            "gammaEnergy": 89.6,
            "unitEnergy": "keV",
            "levelIndexInitial": 1,
            "levelIndexFinal": 0,
            "levelEnergyInitial": 89.6,
            "levelEnergyFinal": 0.0,
            "gammaBR": 0.4016064257028112,
            "dGammaBR": 0.07549574040099542,
            "conversionElectronBR": 0.5983935742971888,
            "dConversionElectronBR": 0.11313202927214226,
            "totalTransitionBR": 1.0,
            "dTotalTransitionBR": 0.18837009100607488
        },
        {
            "gammaEnergy": 232.8,
            "unitEnergy": "keV",
            "levelIndexInitial": 2,
            "levelIndexFinal": 1,
            "levelEnergyInitial": 322.4,
            "levelEnergyFinal": 89.6,
            "gammaBR": 0.07915803385210528,
            "dGammaBR": 0.01376661458297483,
            "conversionElectronBR": 0.0037995856249010535,
            "dConversionElectronBR": 0.0014991750049364418,
            "totalTransitionBR": 0.08295761947700633,
            "dTotalTransitionBR": 0.014490034222558422
        },
        {
            "gammaEnergy": 322.4,
            "unitEnergy": "keV",
            "levelIndexInitial": 2,
            "levelIndexFinal": 0,
            "levelEnergyInitial": 322.4,
            "levelEnergyFinal": 0.0,
            "gammaBR": 0.9017132551848513,
            "dGammaBR": 0.04818315104041191,
            "conversionElectronBR": 0.015329125338142473,
            "dConversionElectronBR": 0.0036986937897027787,
            "totalTransitionBR": 0.9170423805229937,
            "dTotalTransitionBR": 0.049134828028958834
        }
    ],
    "decaySingles": [
        {
            "gammaEnergy": 89.6,
            "unitEnergy": "keV",
            "levelIndexInitial": 1,
            "levelIndexFinal": 0,
            "levelEnergyInitial": 89.6,
            "levelEnergyFinal": 0.0,
            "absoluteGammaIntensity": 0.001040160642570281,
            "dAbsoluteGammaIntensity": 0.00019553396763857814,
            "internalConversionCoefficient": 1.49,
            "dInternalConversionCoefficient": 0.03,
            "absoluteElectronIntensity": 0.0015498393574297188,
            "dAbsoluteElectronIntensity": 0.0002930119558148484,
            "totalConvertedIntensity": 0.0025900000000000003,
            "dTotalConvertedIntensity": 0.00048787853570573397,
            "unitIntensity": "percent",
            "levelIsomer": false,
            "levelHalfLifeBest": null,
            "dLevelHalfLifeBest": null,
            "unitLevelHalfLifeBest": null,
            "levelHalfLifeConverted": null,
            "dLevelHalfLifeConverted": null,
            "unitLevelHalfLifeConverted": null
        },
        {
            "gammaEnergy": 232.8,
            "unitEnergy": "keV",
            "levelIndexInitial": 2,
            "levelIndexFinal": 1,
            "levelEnergyInitial": 322.4,
            "levelEnergyFinal": 89.6,
            "absoluteGammaIntensity": 8.51e-06,
            "dAbsoluteGammaIntensity": 1.48e-06,
            "internalConversionCoefficient": 0.048,
            "dInternalConversionCoefficient": 0.017,
            "absoluteElectronIntensity": 4.0848e-07,
            "dAbsoluteElectronIntensity": 1.6117099770119936e-07,
            "totalConvertedIntensity": 8.91848e-06,
            "dTotalConvertedIntensity": 1.5577722845461075e-06,
            "unitIntensity": "percent",
            "levelIsomer": false,
            "levelHalfLifeBest": null,
            "dLevelHalfLifeBest": null,
            "unitLevelHalfLifeBest": null,
            "levelHalfLifeConverted": null,
            "dLevelHalfLifeConverted": null,
            "unitLevelHalfLifeConverted": null
        },
        {
            "gammaEnergy": 322.4,
            "unitEnergy": "keV",
            "levelIndexInitial": 2,
            "levelIndexFinal": 0,
            "levelEnergyInitial": 322.4,
            "levelEnergyFinal": 0.0,
            "absoluteGammaIntensity": 9.694e-05,
            "dAbsoluteGammaIntensity": 5.18e-06,
            "internalConversionCoefficient": 0.017,
            "dInternalConversionCoefficient": 0.004,
            "absoluteElectronIntensity": 1.6479800000000002e-06,
            "dAbsoluteElectronIntensity": 3.9763347595493023e-07,
            "totalConvertedIntensity": 9.858798e-05,
            "dTotalConvertedIntensity": 5.282311424102142e-06,
            "unitIntensity": "percent",
            "levelIsomer": false,
            "levelHalfLifeBest": null,
            "dLevelHalfLifeBest": null,
            "unitLevelHalfLifeBest": null,
            "levelHalfLifeConverted": null,
            "dLevelHalfLifeConverted": null,
            "unitLevelHalfLifeConverted": null
        }
    ],
    "decayCoincidences": [
        {
            "gammaEnergyGate": 232.8,
            "gammaEnergyCoincidence": 89.6,
            "unitEnergy": "keV",
            "gammaGateLevelIndexInitial": 2,
            "gammaGateLevelIndexFinal": 1,
            "gammaGateLevelEnergyInitial": 322.4,
            "gammaGateLevelEnergyFinal": 89.6,
            "gammaCoincidenceLevelIndexInitial": 1,
            "gammaCoincidenceLevelIndexFinal": 0,
            "gammaCoincidenceLevelEnergyInitial": 89.6,
            "gammaCoincidenceLevelEnergyFinal": 0.0,
            "absoluteCoincidenceIntensity": 3.41767068273092e-06,
            "dAbsoluteCoincidenceIntensity": 8.4848242907105e-07,
            "unitIntensity": "percent",
            "numberParallelCascadePaths": 1,
            "coincidenceCascadeSequences": [
                {
                    "pathNumber": 0,
                    "indexedTransitionSequence": [
                        2,
                        1,
                        0
                    ]
                }
            ],
            "gammaGateLevelIsomer": false,
            "gammaGateLevelHalfLifeBest": null,
            "dGammaGateLevelHalfLifeBest": null,
            "unitGammaGateLevelHalfLifeBest": null,
            "gammaGateLevelHalfLifeConverted": null,
            "dGammaGateLevelHalfLifeConverted": null,
            "unitGammaGateLevelHalfLifeConverted": null
        }
    ],
    "decayIndex": 1,
    "datasetID": "GG"
}