{
    "parentID": "Tl207",
    "parentZ": 81,
    "parentA": 207,
    "daughterID": "Pb207",
    "daughterZ": 82,
    "daughterA": 207,
    "decayMode": "betaMinusDecay",
    "isomer": false,
    "parentDecayLevelEnergy": 0.0,
    "Qvalue": 1418.0,
    "dQvalue": 5.0,
    "unitEnergy": "keV",
    "totalNumberLevels": 3,
    "totalNumberGammas": 3,
    "totalNumberGammaCoincidences": 1,
    "checkNumberGammaCoincidences": 1,
    "halfLife": [
        {
            "halfLifeBest": 4.77,
            "dHalfLifeBest": 0.03,
            "unitHalfLifeBest": "min",
            "halfLifeConverted": 286.2,
            "dHalfLifeConverted": 1.7999999999999998,
            "unitHalfLifeConverted": "s"
        }
    ],
    "normalizedBranchingRatios": [
        {
            "gammaEnergy": 569.698,
            "unitEnergy": "keV",
            "levelIndexInitial": 1,
            "levelIndexFinal": 0,
            "levelEnergyInitial": 569.64,
            "levelEnergyFinal": 0.0,
            "gammaBR": 0.9788566953797964,
            "dGammaBR": 0.10053122817414126,
            "conversionElectronBR": 0.021143304620203602,
            "dConversionElectronBR": 0.002171474528561451,
            "totalTransitionBR": 1.0,
            "dTotalTransitionBR": 0.10270270270270271
        },
        {
            "gammaEnergy": 328.1,
            "unitEnergy": "keV",
            "levelIndexInitial": 2,
            "levelIndexFinal": 1,
            "levelEnergyInitial": 897.76,
            "levelEnergyFinal": 569.64,
            "gammaBR": 0.005239423577804591,
            "dGammaBR": 0.0005165628879525652,
            "conversionElectronBR": 0.0017499674749867334,
            "dConversionElectronBR": 0.0001725320045761568,
            "totalTransitionBR": 0.0069893910527913244,
            "dTotalTransitionBR": 0.0006890948925287221
        },
        {
            "gammaEnergy": 897.77,
            "unitEnergy": "keV",
            "levelIndexInitial": 2,
            "levelIndexFinal": 0,
            "levelEnergyInitial": 897.76,
            "levelEnergyFinal": 0.0,
            "gammaBR": 0.9704002823680333,
            "dGammaBR": 0.03320761422552205,
            "conversionElectronBR": 0.022610326579175177,
            "dConversionElectronBR": 0.0007737374114546637,
            "totalTransitionBR": 0.9930106089472086,
            "dTotalTransitionBR": 0.033981351636976714
        }
    ],
    "decaySingles": [
        {
            "gammaEnergy": 569.698,
            "unitEnergy": "keV",
            "levelIndexInitial": 1,
            "levelIndexFinal": 0,
            "levelEnergyInitial": 569.64,
            "levelEnergyFinal": 0.0,
            "absoluteGammaIntensity": 0.00185,
            "dAbsoluteGammaIntensity": 0.00019,
            "internalConversionCoefficient": 0.0216,
            "dInternalConversionCoefficient": 0.0,
            "absoluteElectronIntensity": 3.9960000000000004e-05,
            "dAbsoluteElectronIntensity": 4.104000000000001e-06,
            "totalConvertedIntensity": 0.0018899600000000002,
            "dTotalConvertedIntensity": 0.00019410400000000004,
            "unitIntensity": "percent",
            "levelIsomer": false,
            "levelHalfLifeBest": null,
            "dLevelHalfLifeBest": null,
            "unitLevelHalfLifeBest": null,
            "levelHalfLifeConverted": null,
            "dLevelHalfLifeConverted": null,
            "unitLevelHalfLifeConverted": null
        },
        {
            "gammaEnergy": 328.1,
            "unitEnergy": "keV",
            "levelIndexInitial": 2,
            "levelIndexFinal": 1,
            "levelEnergyInitial": 897.76,
            "levelEnergyFinal": 569.64,
            "absoluteGammaIntensity": 0.00142,
            "dAbsoluteGammaIntensity": 0.00014,
            "internalConversionCoefficient": 0.334,
            "dInternalConversionCoefficient": 0.0,
            "absoluteElectronIntensity": 0.00047428000000000005,
            "dAbsoluteElectronIntensity": 4.676e-05,
            "totalConvertedIntensity": 0.0018942800000000001,
            "dTotalConvertedIntensity": 0.00018676,
            "unitIntensity": "percent",
            "levelIsomer": false,
            "levelHalfLifeBest": null,
            "dLevelHalfLifeBest": null,
            "unitLevelHalfLifeBest": null,
            "levelHalfLifeConverted": null,
            "dLevelHalfLifeConverted": null,
            "unitLevelHalfLifeConverted": null
        },
        {
            "gammaEnergy": 897.77,
            "unitEnergy": "keV",
            "levelIndexInitial": 2,
            "levelIndexFinal": 0,
            "levelEnergyInitial": 897.76,
            "levelEnergyFinal": 0.0,
            "absoluteGammaIntensity": 0.263,
            "dAbsoluteGammaIntensity": 0.009,
            "internalConversionCoefficient": 0.0233,
            "dInternalConversionCoefficient": 0.0,
            "absoluteElectronIntensity": 0.0061279,
            "dAbsoluteElectronIntensity": 0.00020969999999999997,
            "totalConvertedIntensity": 0.26912790000000003,
            "dTotalConvertedIntensity": 0.0092097,
            "unitIntensity": "percent",
            "levelIsomer": false,
            "levelHalfLifeBest": null,
            "dLevelHalfLifeBest": null,
            "unitLevelHalfLifeBest": null,
            "levelHalfLifeConverted": null,
            "dLevelHalfLifeConverted": null,
            "unitLevelHalfLifeConverted": null
        }
    ],
    "decayCoincidences": [
        {
            "gammaEnergyGate": 328.1,
            "gammaEnergyCoincidence": 569.698,
            "unitEnergy": "keV",
            "gammaGateLevelIndexInitial": 2,
            "gammaGateLevelIndexFinal": 1,
            "gammaGateLevelEnergyInitial": 897.76,
            "gammaGateLevelEnergyFinal": 569.64,
            "gammaCoincidenceLevelIndexInitial": 1,
            "gammaCoincidenceLevelIndexFinal": 0,
            "gammaCoincidenceLevelEnergyInitial": 569.64,
            "gammaCoincidenceLevelEnergyFinal": 0.0,
            "absoluteCoincidenceIntensity": 0.0013899765074393109,
            "dAbsoluteCoincidenceIntensity": 0.00019788569216269824,
            "unitIntensity": "percent",
            "numberParallelCascadePaths": 1,
            "coincidenceCascadeSequences": [
                {
                    "pathNumber": 0,
                    "indexedTransitionSequence": [
                        2,
                        1,
                        0
                    ]
                }
            ],
            "gammaGateLevelIsomer": false,
            "gammaGateLevelHalfLifeBest": null,
            "dGammaGateLevelHalfLifeBest": null,
            "unitGammaGateLevelHalfLifeBest": null,
            "gammaGateLevelHalfLifeConverted": null,
            "dGammaGateLevelHalfLifeConverted": null,
            "unitGammaGateLevelHalfLifeConverted": null
        }
    ],
    "decayIndex": 0,
    "datasetID": "GG"
}